Liga,Temporada,player_id,Atleta,Clube,Minutos,most_played_position,função,Posição,Interceptações (p90),Contra-pressão (p90),Recuperações de bola (p90)
BRA1,2024,20938.0,Thiago Heleno,Athletico Paranaense,2544.0,DC,Zagueiro,Zagueiro,-0.2712147404392083,-1.0173487379783912,-0.8596325763482351
BRA1,2024,27586.0,David Luiz,Flamengo,1930.0,DC,Zagueiro,Zagueiro,-1.0334157719973156,1.4329796069021712,-0.6804308400739494
BRA1,2024,27763.0,Titi,Fortaleza,2274.0,DC,Zagueiro,Zagueiro,-0.6453508852473548,-0.604575546280942,-1.264244928584616
BRA1,2024,28550.0,Thiago Silva,Fluminense,1512.0,DC,Zagueiro,Zagueiro,-0.0058043500847312,-0.2997845202497657,0.2428587232679314
BRA1,2024,35689.0,Gabriel Mercado,Internacional,1353.0,DC,Zagueiro,Zagueiro,-0.8894571809757434,0.0063551572008824,0.1684943714027389
BRA1,2024,43931.0,Maicon,Vasco da Gama,2632.0,DC,Zagueiro,Zagueiro,-0.4122134973076895,-0.1687681964523689,-0.5215326863886871
BRA1,2024,75550.0,Manoel,Fluminense,1178.0,DC,Zagueiro,Zagueiro,-1.5810719049716435,-0.8219753536613489,-0.6098507278719898
BRA1,2024,97262.0,Rodrigo Ely,Gremio,1893.0,DC,Zagueiro,Zagueiro,0.297413231033371,-1.0318302569729128,-1.226348857433995
BRA1,2024,98101.0,André Ramalho,Corinthians,1706.0,DC,Zagueiro,Zagueiro,0.4539149284054148,-0.8216489628807238,0.3729052707907093
BRA1,2024,101478.0,Bruno Alves,Cuiaba,2379.0,DC,Zagueiro,Zagueiro,-0.8373993409514668,-1.102260526783274,-1.698660451699546
BRA1,2024,102254.0,Walisson Maia,Criciuma,1101.0,DC,Zagueiro,Zagueiro,-0.6435325151090355,-0.949757159151918,-1.155267984755135
BRA1,2024,103383.0,Gustavo Gómez,Palmeiras,2687.0,DC,Zagueiro,Zagueiro,-0.0819108960773749,0.2758730313254826,-0.6549028974744588
BRA1,2024,114164.0,Antônio Carlos,Fluminense,1229.0,DC,Zagueiro,Zagueiro,2.5021257972441675,0.47430764664419,0.277762507222985
BRA1,2024,114595.0,Gustavo Henrique,Corinthians,1667.0,DC,Zagueiro,Zagueiro,-0.1432507908099898,-0.1987991205553751,-0.48646971288869
BRA1,2024,125232.0,Emanuel Brítez,Fortaleza,2799.0,DC,Zagueiro,Zagueiro,-0.5554286836969957,-0.7949775667101998,-0.9035846840293494
BRA1,2024,125450.0,Walter Kannemann,Gremio,1119.0,DC,Zagueiro,Zagueiro,-0.2757164239099526,-0.7599592282057832,-1.3853915438928266
BRA1,2024,126251.0,Lucas Villalba,Cruzeiro,1512.0,DC,Zagueiro,Zagueiro,0.2206955055545745,1.0303917329959416,1.2012354122294473
BRA1,2024,127618.0,Renzo Saravia,Atletico MG,2604.0,DC,Zagueiro,Zagueiro,0.8232266636617953,1.633363158364271,3.525396238676948
BRA1,2024,130435.0,Jemerson,Atletico MG,1520.0,DC,Zagueiro,Zagueiro,-1.254338993318886,-0.7904514136013491,-0.994607156698585
BRA1,2024,132688.0,Bastos,Botafogo RJ,2961.0,DC,Zagueiro,Zagueiro,0.295957675405559,-0.5743649601377365,0.7384958613101971
BRA1,2024,134739.0,Rodrigo Battaglia,Atletico MG,2551.0,DC,Zagueiro,Zagueiro,-0.7642276792413274,2.0830705020550173,0.3649481722414701
BRA1,2024,137316.0,Léo,Vasco da Gama,3033.0,DC,Zagueiro,Zagueiro,-0.8378817980839257,-0.9018406418521736,-0.8001776442680164
BRA1,2024,141538.0,Alan Empereur,Cuiaba,2945.0,DC,Zagueiro,Zagueiro,-0.9194599345532456,-0.544573683314476,-0.5429293150575074
BRA1,2024,146761.0,Léo Pereira,Flamengo,2280.0,DC,Zagueiro,Zagueiro,-1.2670601050817738,0.5400326618355834,0.1169425203396184
BRA1,2024,149561.0,Pedro Henrique,Red Bull Bragantino,2552.0,DC,Zagueiro,Zagueiro,-0.395335337188944,0.118275734927017,0.1638475136916642
BRA1,2024,202096.0,Júnior Alonso,Atletico MG,1157.0,DC,Zagueiro,Zagueiro,1.4333326178224834,2.5380174998997544,1.2691422759968298
BRA1,2024,246393.0,Igor Rabello,Atletico MG,1115.0,DC,Zagueiro,Zagueiro,1.8695897635372352,-0.5273708311862061,0.7209746443374424
BRA1,2024,261477.0,Tomás Cardona,Fortaleza,1611.0,DC,Zagueiro,Zagueiro,1.0304723399562514,0.3248610393564792,-1.0316809245927556
BRA1,2024,261974.0,Tobias Figueiredo,Criciuma,2334.0,DC,Zagueiro,Zagueiro,-0.3407280514941962,-0.9672013812591764,-0.7510048349136925
BRA1,2024,279540.0,Rodrigo Sam,Juventude,920.0,DC,Zagueiro,Zagueiro,1.329478317453887,-1.0754596741368625,-0.8960427051736594
BRA1,2024,283009.0,Wilker Ángel,Criciuma,1117.0,DC,Zagueiro,Zagueiro,-1.0248106041085383,-1.67494972548946,-2.0701896898102534
BRA1,2024,284115.0,Lyanco,Atletico MG,1126.0,DC,Zagueiro,Zagueiro,1.1285689811851276,-1.123442099295109,1.3360474339283286
BRA1,2024,295008.0,Thiago Santos,Fluminense,2418.0,DC,Zagueiro,Zagueiro,0.6362893008789543,1.8604314009395384,1.4905687064677902
BRA1,2024,303874.0,Alexander Barboza,Botafogo RJ,2303.0,DC,Zagueiro,Zagueiro,1.2127541436921685,0.0584819156539931,1.7196395477662652
BRA1,2024,317668.0,Luiz Felipe,Atletico GO,1254.0,DC,Zagueiro,Zagueiro,-0.6028100762157759,-0.682693973168638,-1.2664822373972662
BRA1,2024,317681.0,Fabrício Bruno,Flamengo,2604.0,DC,Zagueiro,Zagueiro,-0.9999661858881084,-0.1612153319431559,0.1499090382451815
BRA1,2024,317749.0,Neris,Cruzeiro,1888.0,DC,Zagueiro,Zagueiro,-1.2198601906492166,-0.7408738537495936,-1.0085092320970446
BRA1,2024,318478.0,Robert Arboleda,Sao Paulo,2571.0,DC,Zagueiro,Zagueiro,-0.033179235525998,1.4944011987704315,0.6149306821665316
BRA1,2024,334663.0,Agustín Rogel,Internacional,1182.0,DC,Zagueiro,Zagueiro,-0.6747849937902165,-1.3087828499499514,-1.3300987446272383
BRA1,2024,334966.0,Alan Franco,Sao Paulo,2467.0,DC,Zagueiro,Zagueiro,-1.3587558997680584,0.3327777604919593,2.252336850468708
BRA1,2024,337247.0,Kanu,Bahia,3013.0,DC,Zagueiro,Zagueiro,0.63916265948052,1.3500118551485234,0.7039131541308759
BRA1,2024,337888.0,Marllon,Cuiaba,3332.0,DC,Zagueiro,Zagueiro,-0.6566358863341714,-0.3300249964724679,-0.8476273086572506
BRA1,2024,339173.0,Murilo,Palmeiras,2421.0,DC,Zagueiro,Zagueiro,0.0008775882722101,0.0461564665678127,0.1950405817335873
BRA1,2024,355684.0,Léo Ortiz,Flamengo,2082.0,DC,Zagueiro,Zagueiro,-1.155826001376186,-1.064521029599173,0.4204916265841952
BRA1,2024,361471.0,Cacá,Corinthians,2616.0,DC,Zagueiro,Zagueiro,-1.3843063630633157,-0.1802463908682001,-0.7726759349112057
BRA1,2024,364161.0,Luan Cândido,Red Bull Bragantino,2216.0,DC,Zagueiro,Zagueiro,0.1293124567330245,0.7252392869016316,-1.1107271569607484
BRA1,2024,366432.0,Kaique Rocha,Athletico Paranaense,2783.0,DC,Zagueiro,Zagueiro,0.2964705890365759,0.1752373830336107,0.2065408819234283
BRA1,2024,373848.0,João Victor,Vasco da Gama,1983.0,DC,Zagueiro,Zagueiro,-0.3320327081426993,0.0133975549802071,-0.3025284842808681
BRA1,2024,373938.0,Lucas Halter,Botafogo RJ,1528.0,DC,Zagueiro,Zagueiro,-1.3410804362008024,0.5111905161565774,-0.2613459256274187
BRA1,2024,373974.0,Wagner Leonardo,Vitoria,3577.0,DC,Zagueiro,Zagueiro,0.0827145615473802,-0.7111342196535948,-0.3981668781836276
BRA1,2024,379229.0,Bruno Fuchs,Atletico MG,2363.0,DC,Zagueiro,Zagueiro,1.1085173928039134,0.9187150451731212,1.1764348722574445
BRA1,2024,383150.0,Diego Costa,Sao Paulo,1009.0,DC,Zagueiro,Zagueiro,2.022689649000472,2.6879518606690334,1.5366919590959036
BRA1,2024,383601.0,Zé Marcos,Juventude,2232.0,DC,Zagueiro,Zagueiro,-0.7063777578412206,0.3591458313493828,-0.1226974451570088
BRA1,2024,397496.0,Sabino,Sao Paulo,1101.0,DC,Zagueiro,Zagueiro,2.3468109754911777,1.0589287515286148,1.722084759606508
BRA1,2024,397766.0,Vitão,Internacional,2798.0,DC,Zagueiro,Zagueiro,-0.3933172118956924,-0.0318016225379352,-0.3516811236025665
BRA1,2024,402736.0,Nahuel Ferraresi,Sao Paulo,1052.0,DC,Zagueiro,Zagueiro,-0.0651154668488801,0.7296031974050047,0.8802017274119568
BRA1,2024,406287.0,Benjamín Kuscevic,Fortaleza,2096.0,DC,Zagueiro,Zagueiro,-0.0493619706696499,-0.4309463560911189,-0.6866787173120261
BRA1,2024,409317.0,Lucas Freitas,Juventude,1409.0,DC,Zagueiro,Zagueiro,-0.6948821706114274,-0.6140104891033275,-0.759836361067349
BRA1,2024,416910.0,Zé Ivaldo,Cruzeiro,2652.0,DC,Zagueiro,Zagueiro,-0.8254042294582384,0.4422290952480942,0.8902523384767289
BRA1,2024,417439.0,Danilo Boza,Juventude,3188.0,DC,Zagueiro,Zagueiro,-0.2922987231854214,0.497117717289083,-0.1310535533213791
BRA1,2024,417722.0,Félix Torres,Corinthians,1971.0,DC,Zagueiro,Zagueiro,0.7612198920686848,1.447108815521575,0.6210586787743492
BRA1,2024,430082.0,João Marcelo,Cruzeiro,3021.0,DC,Zagueiro,Zagueiro,1.1866539459072958,0.1716454007183332,0.403328951774009
BRA1,2024,440058.0,Robert Renan,Internacional,1106.0,DC,Zagueiro,Zagueiro,1.8619886381566573,-0.0284777050501641,0.8640073946996303
BRA1,2024,441930.0,Alix,Atletico GO,2286.0,DC,Zagueiro,Zagueiro,0.3105313215400513,-0.6852458335744195,0.7033558904095637
BRA1,2024,444209.0,Eduardo Santos,Red Bull Bragantino,1934.0,DC,Zagueiro,Zagueiro,-0.2746889317558463,-0.1423403859484054,-0.0950930087059818
BRA1,2024,446331.0,Mateo Gamarra,Athletico Paranaense,1664.0,DC,Zagueiro,Zagueiro,0.8536818577323381,-0.3519674782923854,0.987765319085346
BRA1,2024,450865.0,Gustavo Martins,Gremio,1525.0,DC,Zagueiro,Zagueiro,-0.7197691796515653,-0.2198122955029091,0.2446628803692585
BRA1,2024,454770.0,Douglas Mendes,Red Bull Bragantino,1531.0,DC,Zagueiro,Zagueiro,-0.2330590022054518,-1.703003313448883,-0.5836843781053688
BRA1,2024,467987.0,Gabriel Xavier,Bahia,3510.0,DC,Zagueiro,Zagueiro,2.828795297897109,2.6533979660934928,0.3780041074581059
BRA1,2024,478314.0,Vitor Reis,Palmeiras,1656.0,DC,Zagueiro,Zagueiro,-0.5956932516676414,-1.5035506850038405,0.2326757730614855
BRA1,2024,513490.0,Rodrigo,Criciuma,3268.0,DC,Zagueiro,Zagueiro,0.5333865288197084,-0.2944173501652166,0.2852240212994973
BRA1,2024,514393.0,Adriano Martins,Atletico GO,3364.0,DC,Zagueiro,Zagueiro,0.5921827370767978,-0.0542910448678754,-0.6163340367323737
BRA1,2024,20241.0,Marcelo,Fluminense,1151.0,DL,Lateral,Lateral,-0.5503562661187332,2.5697549886984983,1.6321614948465957
BRA1,2024,74447.0,Marcos Rocha,Palmeiras,2178.0,DR,Lateral,Lateral,1.0256346020147815,0.366943792994234,0.6110385737773841
BRA1,2024,83705.0,Damián Suárez,Botafogo RJ,1394.0,DR,Lateral,Lateral,-1.2948119226583918,-0.1725794910958516,-1.124476298619883
BRA1,2024,87833.0,Raúl Cáceres,Vitoria,1898.0,DR,Lateral,Lateral,-1.537079925055435,-1.3387845941285803,-1.90573510733066
BRA1,2024,88112.0,Santiago Arias,Bahia,2108.0,DR,Lateral,Lateral,-0.1222595563372278,0.908161446889024,0.6997852943562342
BRA1,2024,93433.0,Diogo Barbosa,Fluminense,2088.0,DL,Lateral,Lateral,-0.2593191561664273,0.3927668251983149,0.2767769974774936
BRA1,2024,97813.0,Miguel Trauco,Criciuma,1646.0,DL,Lateral,Lateral,-1.5343728154984513,-1.0488326722175667,-1.2493707315850326
BRA1,2024,102166.0,Fágner,Corinthians,1030.0,DR,Lateral,Lateral,-0.8537966929242062,0.0352021612533691,-0.8674246399313198
BRA1,2024,110930.0,Reinaldo,Gremio,2842.0,DL,Lateral,Lateral,-0.5512872170229243,-0.682556968594147,0.3219391496325927
BRA1,2024,114105.0,Renê,Internacional,1168.0,DL,Lateral,Lateral,2.183717505705901,3.666931673025721,3.341355147963714
BRA1,2024,114194.0,Madson,Athletico Paranaense,1110.0,DR,Lateral,Lateral,-0.3093321824554063,-1.0579046886147907,-1.6799622242875158
BRA1,2024,119542.0,Gilberto,Bahia,1488.0,DR,Lateral,Lateral,-0.7529421967405193,2.503631505407644,0.7604869030514181
BRA1,2024,121718.0,Marçal,Botafogo RJ,1138.0,DL,Lateral,Lateral,1.574389892627319,-0.59274792957146,-0.6143023012831116
BRA1,2024,130563.0,Mayke,Palmeiras,1178.0,DR,Lateral,Lateral,2.1984473159668103,1.7429657488916193,0.6834250251162052
BRA1,2024,144146.0,Leonardo Godoy,Athletico Paranaense,1813.0,DR,Lateral,Lateral,-1.5373674460341016,-0.5955229970028617,-1.6903354874366423
BRA1,2024,145385.0,Guillermo Varela,Flamengo,1168.0,DR,Lateral,Lateral,-0.231550948755021,0.4885313931040238,-0.4010276805357223
BRA1,2024,146526.0,Tinga,Fortaleza,2437.0,DR,Lateral,Lateral,0.1221994773653726,-0.206115842854086,-0.3464897489704371
BRA1,2024,146674.0,Alan Ruschel,Juventude,2546.0,DL,Lateral,Lateral,0.1315786998119382,0.0144842359990814,-0.4839957173189591
BRA1,2024,243212.0,João Pedro,Gremio,3061.0,DR,Lateral,Lateral,-1.3238531553989152,-1.532273086575981,-0.6186326902537904
BRA1,2024,243276.0,William,Cruzeiro,3318.0,DR,Lateral,Lateral,1.2172474870981556,0.1564751125515039,1.2758682492666549
BRA1,2024,255362.0,Marcelo Hermes,Criciuma,3596.0,DL,Lateral,Lateral,-0.3832463182359426,-0.4842836142200749,-1.1916685364833968
BRA1,2024,280413.0,Samuel Xavier,Fluminense,3061.0,DR,Lateral,Lateral,0.1868471581270228,-0.5108331097889673,0.2067419847902026
BRA1,2024,297581.0,Ayrton Lucas,Flamengo,2644.0,DL,Lateral,Lateral,-1.0699662102256793,0.0511790439945169,0.6654603192659791
BRA1,2024,328564.0,Fabricio Bustos,Internacional,961.0,DR,Lateral,Lateral,0.3321867258668568,-0.2443618757669033,1.362087483835701
BRA1,2024,337900.0,Juninho Capixaba,Red Bull Bragantino,2069.0,DL,Lateral,Lateral,1.8798220952664648,0.1609223462281366,0.3548078304920607
BRA1,2024,337971.0,Bruno Pacheco,Fortaleza,1368.0,DL,Lateral,Lateral,-0.4704756230448982,-0.2195009196090899,-0.7562603949215484
BRA1,2024,341745.0,Marlon,Cruzeiro,2436.0,DL,Lateral,Lateral,0.6438496198017954,0.7508777533965706,0.1777601720498945
BRA1,2024,358143.0,Felipe Jonatan,Fortaleza,1689.0,DL,Lateral,Lateral,-0.2158909720484397,-1.041618770284225,-0.4785577917319052
BRA1,2024,358560.0,Willean Lepo,Vitoria,2055.0,DR,Lateral,Lateral,0.3366887185460766,0.0107443945445947,0.1350482777342083
BRA1,2024,373429.0,Igor Vinícius,Sao Paulo,2722.0,DR,Lateral,Lateral,-0.4394274858975849,1.1071190081197186,1.4251153373994263
BRA1,2024,373513.0,Lucas Piton,Vasco da Gama,3000.0,DL,Lateral,Lateral,0.3187133793641312,-0.0387920532645598,-0.4035182115021021
BRA1,2024,374916.0,Caio Paulista,Palmeiras,1350.0,DL,Lateral,Lateral,-1.0059281251063923,-0.4645847661542984,0.7354803531005195
BRA1,2024,376939.0,João Lucas,Juventude,2890.0,DR,Lateral,Lateral,-0.5011680263459553,-0.4716042748609184,0.0958713591781258
BRA1,2024,381686.0,Lucas Esteves,Vitoria,3306.0,DL,Lateral,Lateral,-0.2241871007367133,-0.2412189848805388,-0.7001194138830836
BRA1,2024,383128.0,Bruno Gomes,Internacional,2431.0,DR,Lateral,Lateral,0.4205879640898131,-0.0600783684337921,1.2150514566718325
BRA1,2024,386203.0,Alexandro Bernabéi,Internacional,2314.0,DL,Lateral,Lateral,3.044700639115727,1.41155007256444,1.5507425714302043
BRA1,2024,388576.0,José Rodríguez,Vasco da Gama,1274.0,DR,Lateral,Lateral,-0.4611538346946731,-1.3295772814464255,-0.7857775933182053
BRA1,2024,389158.0,Welington,Sao Paulo,1896.0,DL,Lateral,Lateral,0.363973792894817,1.361824985316285,-0.6267442495121814
BRA1,2024,397517.0,Luciano Juba,Bahia,3462.0,DL,Lateral,Lateral,1.5569546392379954,0.3741465744528582,1.3250994938950125
BRA1,2024,397584.0,Michel Araújo,Sao Paulo,988.0,DL,Lateral,Lateral,-0.5964029575011653,0.1467118074481473,1.2628644811243526
BRA1,2024,397843.0,Ramon,Cuiaba,2962.0,DL,Lateral,Lateral,-0.9262492903954828,-0.2689698371471465,-0.8389609041084445
BRA1,2024,398130.0,Matheuzinho,Corinthians,2549.0,DR,Lateral,Lateral,-0.6520620295927593,-0.7663818241592125,-0.5366139421594549
BRA1,2024,403654.0,Ewerthon,Juventude,1352.0,DR,Lateral,Lateral,-0.0140891624433917,-0.8809482121661178,-0.9319314183106928
BRA1,2024,404979.0,Lucas Esquivel,Athletico Paranaense,3007.0,DL,Lateral,Lateral,0.7428402380899669,0.2440555456985096,0.9975722946237964
BRA1,2024,406718.0,Vanderlan,Palmeiras,1244.0,DL,Lateral,Lateral,-0.782332250273652,-0.3378468429831906,-1.6814782771397916
BRA1,2024,414213.0,Eros Mancuso,Fortaleza,1007.0,DL,Lateral,Lateral,-0.9739749889083328,-1.717740753945503,-0.6017533639487488
BRA1,2024,416790.0,Paulo Henrique,Vasco da Gama,2781.0,DR,Lateral,Lateral,0.834676900250995,-0.7529285735807462,0.4173905694558709
BRA1,2024,417929.0,Bruno Tubarão,Atletico GO,1786.0,DR,Lateral,Lateral,-0.6282785173199488,-0.4656364427601759,-0.4657365120587016
BRA1,2024,418751.0,Andrés Hurtado,Red Bull Bragantino,1483.0,DR,Lateral,Lateral,0.3588025942830725,-0.4942169789793715,-0.4484982336672459
BRA1,2024,418965.0,Matheus Alexandre,Cuiaba,2843.0,DR,Lateral,Lateral,-0.0890661001082241,-0.7359508501163176,-1.0706853204170983
BRA1,2024,422035.0,Joaquín Piquerez,Palmeiras,1460.0,DL,Lateral,Lateral,-0.5674197591465896,1.7765421866029305,0.774566526698695
BRA1,2024,429481.0,Wesley,Flamengo,2624.0,DR,Lateral,Lateral,1.211821714140447,0.6429311805337583,0.9169459310447186
BRA1,2024,436560.0,Hugo,Corinthians,2061.0,DL,Lateral,Lateral,-0.5593291611482277,-0.654435777708446,-0.6295193796673241
BRA1,2024,436566.0,Maguinho,Atletico GO,1743.0,DR,Lateral,Lateral,-0.7416892962537581,0.0738019744904969,-0.3162228953084255
BRA1,2024,439642.0,Nathan Mendes,Red Bull Bragantino,1310.0,DR,Lateral,Lateral,-0.882040606724134,0.3410049765204964,0.5832905484515881
BRA1,2024,453459.0,Guilherme Romão,Atletico GO,3108.0,DL,Lateral,Lateral,-0.6629036454382652,-0.8857203241992397,-0.459770743820822
BRA1,2024,468000.0,Kaiki,Cruzeiro,1318.0,DL,Lateral,Lateral,2.0409236660308987,0.618108707542058,0.2596032143619398
BRA1,2024,468006.0,Matheus Bidu,Corinthians,1718.0,DL,Lateral,Lateral,1.349242677106684,-0.4051792386813458,1.510189509103508
BRA1,2024,472116.0,Cuiabano,Gremio,1847.0,DL,Lateral,Lateral,0.4764339020037561,-0.4947533788535433,-0.2823749637297845
BRA1,2024,479765.0,Gabriel Inocêncio,Juventude,1038.0,DL,Lateral,Lateral,-0.5792910069303286,1.2235635693892946,0.833424933607804
BRA1,2024,484252.0,Mateo Ponte,Botafogo RJ,1272.0,DR,Lateral,Lateral,0.365502458360625,-0.292765830708769,-0.639362720627893
BRA1,2024,513492.0,Claudinho,Criciuma,2288.0,DR,Lateral,Lateral,-0.7559292345269775,-0.6001026976829708,-0.6806429977310913
BRA1,2024,514432.0,Railan,Cuiaba,1376.0,DR,Lateral,Lateral,0.1230473210458619,-1.053583157818622,-0.9000009922027679
BRA1,2024,14058.0,Dimitri Payet,Vasco da Gama,1348.0,AMC,Meio Campo,Meia,-0.6836906813215025,-0.3676310760770761,-0.5734167600466505
BRA1,2024,14195.0,Nenê,Juventude,1657.0,AMC,Meio Campo,Meia,-1.3632644716626074,-0.5419041749654406,-1.303369395160606
BRA1,2024,17476.0,Zé Rafael,Palmeiras,1117.0,DMC,Meio Campo,Primeiro Volante,0.2135783969260726,-0.3118530355325923,0.199587197122954
BRA1,2024,19119.0,Fernandinho,Athletico Paranaense,1746.0,DMC,Meio Campo,Primeiro Volante,0.116322927681447,1.28001768837331,1.0948378698712795
BRA1,2024,31958.0,Fernando,Internacional,1736.0,DMC,Meio Campo,Primeiro Volante,0.4629695909781686,1.84234616458277,1.5841960018298396
BRA1,2024,35237.0,Eduardo Vargas,Atletico MG,1005.0,AMC,Meio Campo,Meia,-1.1478847305861155,-0.2240713580577521,-0.9992905068267212
BRA1,2024,40237.0,Ganso,Fluminense,2432.0,AMC,Meio Campo,Meia,-0.2437170276959165,1.0730493519886657,0.0009431762194459
BRA1,2024,43369.0,Luiz Gustavo,Sao Paulo,2409.0,DMC,Meio Campo,Primeiro Volante,1.687772757503888,0.1380921908244247,0.9875984469986392
BRA1,2024,74571.0,Alan Patrick,Internacional,1979.0,AMC,Meio Campo,Meia,-1.413835658561487,-0.103529988282203,0.288936196505489
BRA1,2024,75971.0,Marquinhos Gabriel,Criciuma,1170.0,AMC,Meio Campo,Meia,-1.0272893961026035,-0.8128101528704678,-0.7570590738807371
BRA1,2024,81716.0,Osvaldo,Vitoria,1154.0,ML,Meio Campo,Segundo Volante,-1.2517782144021048,-0.799392937246076,-1.2258219869984714
BRA1,2024,101395.0,Igor Coronado,Corinthians,1603.0,AMC,Meio Campo,Meia,-0.3622929536147874,-0.1002330764695317,-0.4731806013871151
BRA1,2024,101467.0,Éverton Ribeiro,Bahia,2900.0,MC,Meio Campo,Segundo Volante,1.4011889436451108,2.1128198042184434,0.6962534731582132
BRA1,2024,101642.0,Bernard,Atletico MG,1063.0,AMC,Meio Campo,Meia,-1.2072118541351042,-0.2302125517402327,0.3265765258868673
BRA1,2024,102256.0,Edenílson,Gremio,1507.0,AMC,Meio Campo,Meia,-0.8498200723079523,-0.6484540346427431,-1.4564236386928884
BRA1,2024,114095.0,Gabriel,Athletico Paranaense,1588.0,DMC,Meio Campo,Primeiro Volante,1.753119392852503,2.465629268025213,1.8863724090738825
BRA1,2024,114096.0,Jádson,Juventude,3191.0,DMC,Meio Campo,Primeiro Volante,0.518964625510654,-0.5621077419630183,1.343686328287815
BRA1,2024,115098.0,Lucas Silva,Cruzeiro,2187.0,MC,Meio Campo,Segundo Volante,-1.299770052608936,-0.4327147620576403,0.2401185128210489
BRA1,2024,117055.0,Erick Pulgar,Flamengo,1954.0,DMC,Meio Campo,Primeiro Volante,2.6388197208678985,0.5686872834135814,1.2346845567660505
BRA1,2024,121009.0,Luciano,Sao Paulo,2522.0,AMC,Meio Campo,Meia,-0.9427659286509972,-0.4849164618210393,-0.1495939684651142
BRA1,2024,121771.0,Filipe Augusto,Cuiaba,945.0,MC,Meio Campo,Segundo Volante,-0.2612709053509139,-1.0707819347673586,-1.0996582111487638
BRA1,2024,125297.0,Lucas Romero,Cruzeiro,2759.0,MC,Meio Campo,Segundo Volante,-0.0329102520483715,0.5617108237367533,1.0662543765323895
BRA1,2024,128627.0,Giorgian de Arrascaeta,Flamengo,1134.0,AMC,Meio Campo,Meia,-0.8005486134282045,0.751013211078547,0.4186826849554267
BRA1,2024,130449.0,Alisson,Sao Paulo,1780.0,DMC,Meio Campo,Primeiro Volante,1.0002167687234538,1.41818707079427,2.353301789418963
BRA1,2024,130887.0,Willian Oliveira,Vitoria,2983.0,MC,Meio Campo,Segundo Volante,-0.3698804721663399,-0.9708184344612784,-0.91789854483479
BRA1,2024,131057.0,Ramiro,Cruzeiro,1611.0,MC,Meio Campo,Segundo Volante,0.296405898337679,0.029814066562693,-0.5730811394192109
BRA1,2024,131079.0,Lucas Evangelista,Red Bull Bragantino,2818.0,DMC,Meio Campo,Primeiro Volante,-0.3370325280773216,-0.2020821179503327,-0.4295488975034727
BRA1,2024,132282.0,Bruno Henrique,Internacional,2112.0,DMC,Meio Campo,Primeiro Volante,-0.515170955595832,-0.663507500284456,-0.2241996525991257
BRA1,2024,142436.0,Pablo Galdames,Vasco da Gama,1242.0,MC,Meio Campo,Segundo Volante,-0.2682775422401614,-0.9327997006774577,-0.6349528404203767
BRA1,2024,146672.0,Zé Welison,Fortaleza,1014.0,DMC,Meio Campo,Primeiro Volante,-0.2522520881963107,-0.0503721051435107,-0.6278979080453797
BRA1,2024,146764.0,Otávio,Atletico MG,2161.0,MC,Meio Campo,Segundo Volante,1.0299121815638623,-0.0926120731727281,0.8112957744445541
BRA1,2024,149572.0,Franco Cristaldo,Gremio,2355.0,AMC,Meio Campo,Meia,-0.5697188425595888,0.0360666873391868,-0.0882506785592206
BRA1,2024,149738.0,Gustavo Scarpa,Atletico MG,2525.0,DMR,Meio Campo,Primeiro Volante,-0.2148257714707369,1.1823958377829091,0.9318051929709832
BRA1,2024,241822.0,Guilherme Arana,Atletico MG,1481.0,ML,Meio Campo,Segundo Volante,2.006664233593831,1.345550413928875,2.3014819499466217
BRA1,2024,241825.0,Barreto,Criciuma,2526.0,MC,Meio Campo,Segundo Volante,-0.7068867734403428,-0.3867913773995435,-0.2628726710603701
BRA1,2024,248121.0,Thiago Maia,Internacional,2078.0,DMC,Meio Campo,Primeiro Volante,1.2545362851009647,0.384031448598046,1.57092935089204
BRA1,2024,253963.0,Dodi,Gremio,2622.0,DMC,Meio Campo,Primeiro Volante,0.2089702813317488,-0.3944849911872848,-0.7485600937210769
BRA1,2024,277351.0,Emmanuel Martínez,Fortaleza,1135.0,MC,Meio Campo,Segundo Volante,-0.435671752267054,-1.2567385155396753,0.0548254365357323
BRA1,2024,279478.0,Lincoln,Red Bull Bragantino,1694.0,AMC,Meio Campo,Meia,-0.7202043031419535,-0.1084472867010529,-0.792846387053995
BRA1,2024,280693.0,Matheuzinho,Vitoria,2758.0,MR,Meio Campo,Segundo Volante,-0.4437971571937789,-0.7902184277012837,-0.3714889039169453
BRA1,2024,281935.0,Allano,Criciuma,1456.0,MR,Meio Campo,Segundo Volante,-1.298129473022226,-0.2000288819624809,-0.3506832318918383
BRA1,2024,294056.0,Danilo Barbosa,Botafogo RJ,1298.0,DMC,Meio Campo,Primeiro Volante,1.7171324139953243,-0.1350354422133685,0.1188416790540069
BRA1,2024,295838.0,Allan,Flamengo,1568.0,DMC,Meio Campo,Primeiro Volante,0.6359477619697074,1.2940563147872313,-0.4391636989619059
BRA1,2024,297389.0,Matheus Pereira,Cruzeiro,3132.0,AMC,Meio Campo,Meia,-1.0782843488292964,0.4988955280189691,-0.1798075724646567
BRA1,2024,299394.0,Ronaldo,Juventude,1284.0,DMC,Meio Campo,Primeiro Volante,0.9680756647478626,0.0181030775375156,0.1705745836119837
BRA1,2024,299687.0,Tomás Pochettino,Fortaleza,1850.0,AMC,Meio Campo,Meia,-1.3252410241164525,-0.8120628442817804,-0.9561486178539348
BRA1,2024,317677.0,Raphael Veiga,Palmeiras,2716.0,AMC,Meio Campo,Meia,-0.9618084316606532,-0.6219374231172753,-1.14742177337552
BRA1,2024,317741.0,Lucas Fernandes,Cuiaba,1246.0,AMC,Meio Campo,Meia,-0.8070612445949733,-0.911531967462577,-1.3595416493482546
BRA1,2024,317747.0,Lucas Kal,Atletico GO,1298.0,MC,Meio Campo,Segundo Volante,0.3353886195287373,-0.1826672813142796,-0.8398297745334793
BRA1,2024,318247.0,Matheusinho,Criciuma,1755.0,AMC,Meio Campo,Meia,-0.8829940642811939,-0.6646101283459382,-0.0425934418626257
BRA1,2024,318252.0,Lucas Mineiro,Cuiaba,2700.0,MC,Meio Campo,Segundo Volante,-0.9509369734606938,0.0565753157917925,-0.900656977279553
BRA1,2024,318676.0,Marlon Freitas,Botafogo RJ,2672.0,DMC,Meio Campo,Primeiro Volante,0.2931781066497588,0.2455364948647084,0.5239999587084632
BRA1,2024,319406.0,Matheus Rossetto,Fortaleza,1689.0,DMC,Meio Campo,Primeiro Volante,0.5270652617993355,0.1887769857984019,1.6549753148904889
BRA1,2024,320349.0,Filipe Machado,Cruzeiro,1130.0,MC,Meio Campo,Segundo Volante,-0.0282171162443765,-0.6340771878131487,-1.0645041682539684
BRA1,2024,321846.0,Lima,Fluminense,2074.0,DMC,Meio Campo,Primeiro Volante,0.9848986011508616,0.5888928317496347,0.8468329680900463
BRA1,2024,326607.0,Lucas Sasha,Fortaleza,1362.0,DMC,Meio Campo,Primeiro Volante,1.0712386505225708,-0.8759159342466435,-0.3738048430965293
BRA1,2024,328510.0,Jean Carlos,Juventude,1170.0,AMC,Meio Campo,Meia,-1.1286988899968309,-0.5290533995700818,-1.414190665127303
BRA1,2024,332151.0,Matías Zaracho,Atletico MG,961.0,MC,Meio Campo,Segundo Volante,0.17642270375564,-0.3284662986610308,-0.5831514260192658
BRA1,2024,334972.0,Alan Franco,Atletico MG,1923.0,MC,Meio Campo,Segundo Volante,0.5136220618214057,-0.6389298877672901,-0.6387818524919714
BRA1,2024,337817.0,Jefferson Savarino,Botafogo RJ,2234.0,AMC,Meio Campo,Meia,-1.5318173519814848,-0.9014205712872436,-0.9171039987879152
BRA1,2024,342058.0,Cauly,Bahia,2890.0,AMC,Meio Campo,Meia,-1.1984793476687987,0.0562063223868476,-1.1323930184904196
BRA1,2024,344723.0,Gonzalo Freitas,Atletico GO,943.0,DMC,Meio Campo,Primeiro Volante,0.2180943241447009,-0.5089228477366357,-1.2945233393475433
BRA1,2024,344767.0,Mathías Villasanti,Gremio,2622.0,DMC,Meio Campo,Primeiro Volante,1.841480293577685,0.2520959590332348,1.5209478780629286
BRA1,2024,345389.0,Nicolás de la Cruz,Flamengo,1122.0,DMC,Meio Campo,Primeiro Volante,0.3416242043954319,5.987847088862221,2.339965631230478
BRA1,2024,348667.0,Matheus Henrique,Cruzeiro,1364.0,MC,Meio Campo,Segundo Volante,-0.4426773552729333,1.1394195846979078,0.4051158275348857
BRA1,2024,349214.0,Igor Gomes,Atletico MG,1561.0,MC,Meio Campo,Segundo Volante,-0.7760441977056516,-0.4505013500401745,0.057754395671191
BRA1,2024,349707.0,Matheus Fernandes,Red Bull Bragantino,928.0,DMC,Meio Campo,Primeiro Volante,1.7255587781773656,-0.5309179878099629,0.3826279731139272
BRA1,2024,352932.0,Ricardo Ryller,Vitoria,1149.0,MC,Meio Campo,Segundo Volante,-0.1922379858742645,-0.7482238679729126,-0.7660077810554092
BRA1,2024,355659.0,Jean Lucas,Bahia,3157.0,MC,Meio Campo,Segundo Volante,-0.2690906935046743,0.0024124372870371,0.3822376033227369
BRA1,2024,355710.0,Gregore,Botafogo RJ,2512.0,DMC,Meio Campo,Primeiro Volante,2.668515929392401,2.187542175496799,3.258026022275845
BRA1,2024,358737.0,Raul,Red Bull Bragantino,1480.0,MC,Meio Campo,Segundo Volante,0.1392222220856859,0.3259804680747378,0.2103437221012465
BRA1,2024,360288.0,Luan Silva,Vitoria,1743.0,DMC,Meio Campo,Primeiro Volante,-0.0119125101760169,-0.47709241545168,-0.9633331454082604
BRA1,2024,363107.0,Álvaro Barreal,Cruzeiro,1654.0,MC,Meio Campo,Segundo Volante,-0.7852643729103653,-0.6196320979242917,-0.1966809967030289
BRA1,2024,363129.0,Eric Ramires,Red Bull Bragantino,1243.0,MC,Meio Campo,Segundo Volante,-0.5396815369187377,0.0370325749482929,-0.2958739606480896
BRA1,2024,365617.0,Pepê,Gremio,1423.0,DMC,Meio Campo,Primeiro Volante,0.4658936056606896,0.3239139781048368,0.3517179783519388
BRA1,2024,366428.0,Fausto Vera,Corinthians,2175.0,MC,Meio Campo,Segundo Volante,0.0030792959927622,0.0144341068675694,-0.0078605514225658
BRA1,2024,366498.0,Jadsom,Red Bull Bragantino,1848.0,MC,Meio Campo,Segundo Volante,-0.1072123050713276,-1.1294568818774884,-0.8088711212417147
BRA1,2024,370389.0,Aníbal Moreno,Palmeiras,2794.0,DMC,Meio Campo,Primeiro Volante,1.4208464028196484,0.5338239519534518,1.3452082611845275
BRA1,2024,373449.0,Hugo Moura,Vasco da Gama,2305.0,DMC,Meio Campo,Primeiro Volante,-0.0405807107903521,0.0574003035852766,-0.4048583850047589
BRA1,2024,373502.0,Fernando Sobral,Cuiaba,2232.0,MC,Meio Campo,Segundo Volante,-0.0994673528871326,-0.2768807568843269,-0.1665177683485901
BRA1,2024,373515.0,Erick,Athletico Paranaense,2848.0,DMC,Meio Campo,Primeiro Volante,0.891468561699361,-0.29867726319494,-0.5412212607040938
BRA1,2024,376914.0,Maurício,Internacional,1674.0,AMC,Meio Campo,Meia,-1.152105673235652,-1.0919668889449132,-0.9718921348325265
BRA1,2024,378823.0,Rômulo,Internacional,1997.0,DMC,Meio Campo,Primeiro Volante,2.2555765873608387,-0.421893347751463,0.2165878554324604
BRA1,2024,380894.0,Pedro Augusto,Fortaleza,1361.0,DMC,Meio Campo,Primeiro Volante,0.4073830811333767,-0.2132360356757042,-0.5616176573426214
BRA1,2024,383781.0,Marcos Antônio,Sao Paulo,917.0,DMC,Meio Campo,Primeiro Volante,-0.4547747229266488,0.5750731854974779,1.100940290811233
BRA1,2024,388735.0,Caio Alexandre,Bahia,2974.0,DMC,Meio Campo,Primeiro Volante,-0.728467459875577,3.193909048702409,1.3033772717914478
BRA1,2024,389163.0,Rodrigo Nestor,Sao Paulo,1175.0,AMC,Meio Campo,Meia,-0.4036105372575754,-0.7514162730617866,-0.617434274990471
BRA1,2024,397491.0,Christian,Athletico Paranaense,1652.0,AMC,Meio Campo,Meia,-0.5033362953134135,-0.0611816136426385,-1.3496808383937724
BRA1,2024,397585.0,André,Fluminense,1199.0,DMC,Meio Campo,Primeiro Volante,2.15385118742031,2.642693686043536,3.530828892764091
BRA1,2024,397847.0,Gabriel Menino,Palmeiras,1227.0,DMC,Meio Campo,Primeiro Volante,-0.2905671053104441,-0.2853588492036236,-0.5992003282253322
BRA1,2024,397897.0,Ronald,Criciuma,1699.0,MC,Meio Campo,Segundo Volante,-0.2997496877563468,-1.086782021720657,0.1854320166161333
BRA1,2024,397965.0,Roni,Atletico GO,1616.0,DMC,Meio Campo,Primeiro Volante,-0.3542845203114855,-0.6199026200398023,-0.346547430798964
BRA1,2024,401192.0,Martinelli,Fluminense,2909.0,DMC,Meio Campo,Primeiro Volante,-0.1809677303514779,1.4599804144824782,1.0531114335129983
BRA1,2024,402213.0,Richard Ríos,Palmeiras,1909.0,DMC,Meio Campo,Primeiro Volante,1.3863398850224076,-0.4275133265070805,1.526472122474163
BRA1,2024,404487.0,Gabriel Baralhas,Atletico GO,2734.0,MC,Meio Campo,Segundo Volante,0.5234108806954628,0.3700473038842619,-0.3958217870567506
BRA1,2024,405839.0,Juan Sforza,Vasco da Gama,1449.0,DMC,Meio Campo,Primeiro Volante,0.3524590911151981,-0.0575380741717069,-0.3895851679163631
BRA1,2024,407747.0,Rubens,Atletico MG,1404.0,DML,Meio Campo,Primeiro Volante,1.555765763048593,-0.5195298351945908,-0.4380815242020868
BRA1,2024,416897.0,Mandaca,Juventude,1320.0,AMC,Meio Campo,Meia,-1.1191746185722644,-0.7834540555424454,-1.5833067866657828
BRA1,2024,417706.0,Max,Cuiaba,1407.0,MC,Meio Campo,Segundo Volante,0.1248267959488544,-0.2452879645204979,-0.7989542201592903
BRA1,2024,420319.0,Raniele,Corinthians,2563.0,DMC,Meio Campo,Primeiro Volante,1.3302491023013514,-0.6294168486363356,-0.7531433697370855
BRA1,2024,429475.0,Jhon Jhon,Palmeiras,1433.0,AMC,Meio Campo,Meia,-0.6186368270341435,-0.4834354429784598,-0.2400472266951002
BRA1,2024,432685.0,Rodrigo Garro,Corinthians,3375.0,AMC,Meio Campo,Meia,0.0673679859602243,0.7880566101088132,0.8661328142210074
BRA1,2024,436640.0,Hércules,Fortaleza,2567.0,DMC,Meio Campo,Primeiro Volante,-1.3714190952042244,-0.4305771622890344,-0.7893178185893293
BRA1,2024,436657.0,Agustín Canobbio,Athletico Paranaense,1340.0,AMC,Meio Campo,Meia,-1.177862091607747,0.364073775781766,-0.1347335088765334
BRA1,2024,441410.0,Breno Bidon,Corinthians,1990.0,MC,Meio Campo,Segundo Volante,0.7501919811253304,-0.3689841387975583,0.3092759491355528
BRA1,2024,442751.0,Rhaldney,Atletico GO,2350.0,MC,Meio Campo,Segundo Volante,-0.7946360121503984,0.0947216028416024,0.9175091422627912
BRA1,2024,443546.0,Alexsander,Fluminense,903.0,DMC,Meio Campo,Primeiro Volante,0.986715237316158,0.1447381078768579,1.159165566402608
BRA1,2024,444815.0,Denilson,Cuiaba,2320.0,MC,Meio Campo,Segundo Volante,-1.1667214103420271,0.2716834200002849,-0.0736993139928922
BRA1,2024,445346.0,Brahian Palacios,Atletico MG,978.0,DMR,Meio Campo,Primeiro Volante,-0.5989610960090603,-0.6751779362069495,-0.326023376564179
BRA1,2024,445709.0,Damián Bobadilla,Sao Paulo,1173.0,DMC,Meio Campo,Primeiro Volante,0.1010733892428479,-0.0566180642986905,0.1638539325902183
BRA1,2024,462994.0,Bruno Zapelli,Athletico Paranaense,1581.0,AMC,Meio Campo,Meia,-0.8551229677734767,-0.3648875789948391,-0.6455091884064689
BRA1,2024,469349.0,Miguel Monsalve,Gremio,1072.0,AMC,Meio Campo,Meia,-1.6330051673438075,-1.0920714910314246,-1.2462945394264149
BRA1,2024,470938.0,Evertton Araújo,Flamengo,918.0,DMC,Meio Campo,Primeiro Volante,2.07127426963244,-1.0937938599382062,1.3254313047909918
BRA1,2024,471629.0,Newton,Criciuma,2567.0,MC,Meio Campo,Segundo Volante,0.3759656356660368,-0.3782060081103448,-0.6529996046565023
BRA1,2024,471637.0,Gustavinho,Red Bull Bragantino,1093.0,MC,Meio Campo,Segundo Volante,-1.232691258518276,-0.7933229771133313,-1.3080695633755175
BRA1,2024,475166.0,Alisson,Atletico MG,1010.0,DMR,Meio Campo,Primeiro Volante,-0.8376478440141907,-0.470376368142288,0.0447545264320096
BRA1,2024,478179.0,João Cruz,Athletico Paranaense,946.0,MC,Meio Campo,Segundo Volante,-1.1731990950385665,0.6622665651409682,-0.7300112210897076
BRA1,2024,482037.0,Mateus Carvalho,Vasco da Gama,2427.0,DMC,Meio Campo,Primeiro Volante,1.3450426764200012,-0.1057476354972168,0.9050901113083986
BRA1,2024,491556.0,Higor Meritão,Criciuma,1183.0,MC,Meio Campo,Segundo Volante,1.150065971428176,-0.0093422820636106,0.0994272703118472
BRA1,2024,512611.0,Facundo Bernal,Fluminense,1053.0,DMC,Meio Campo,Primeiro Volante,-0.5900916303686519,-0.902107537767916,0.2863740005775672
BRA1,2024,513499.0,Fellipe Mateus,Criciuma,2075.0,ML,Meio Campo,Segundo Volante,-0.7237069233704227,0.063290991394437,-0.7177204331317116
BRA1,2024,514437.0,Caíque,Juventude,1574.0,DMC,Meio Campo,Primeiro Volante,1.249627799704328,1.9765295936336835,1.1763111543407685
BRA1,2024,517830.0,Felipinho,Athletico Paranaense,1034.0,DMC,Meio Campo,Primeiro Volante,0.8760006802684751,-1.4857946803636586,-0.9900709798984852
BRA1,2024,518496.0,Léo Naldi,Vitoria,1260.0,MC,Meio Campo,Segundo Volante,-0.1530374138332618,-0.6849716646286088,-0.9769135287311492
