Liga,Temporada,player_id,Atleta,Clube,Minutos,most_played_position,função,Posição,xG Criado (p90),Segundas assistências (p90),Passes chave (p90),Deep completions (p90),xA (p90),Assistências (p90)
BRA1,2024,20241.0,Marcelo,Fluminense,1151.0,DL,Lateral,Lateral,-0.4035331601361904,0.0,2.248401633939026,0.3849481533808638,0.3392362298456533,-0.7122680158251586
BRA1,2024,74447.0,Marcos Rocha,Palmeiras,2178.0,DR,Lateral,Lateral,2.248144490008164,0.0,-1.2336946760655936,0.8696489227612968,-0.478177704728826,-0.7122680158251586
BRA1,2024,83705.0,Damián Suárez,Botafogo RJ,1394.0,DR,Lateral,Lateral,0.162444893489162,0.0,-0.7777976367694694,0.4306448963991005,-0.6888932740973998,-0.7122680158251586
BRA1,2024,87833.0,Raúl Cáceres,Vitoria,1898.0,DR,Lateral,Lateral,-0.2596345867904409,0.0,-1.2941352342384946,0.3758304368763132,0.1707722272196253,-0.7122680158251586
BRA1,2024,88112.0,Santiago Arias,Bahia,2108.0,DR,Lateral,Lateral,0.5710158645354669,0.0,-0.0822212101682566,0.7932472346997552,0.8105627913300749,-0.7122680158251586
BRA1,2024,93433.0,Diogo Barbosa,Fluminense,2088.0,DL,Lateral,Lateral,-0.972882381291111,0.0,-1.4504342016614076,-0.7342915339735033,-1.1966971706767449,-0.7122680158251586
BRA1,2024,97813.0,Miguel Trauco,Criciuma,1646.0,DL,Lateral,Lateral,-0.6640074064378715,0.0,-0.9710502247031226,0.9143005488077154,-0.3794784660716869,0.8098864947409549
BRA1,2024,102166.0,Fágner,Corinthians,1030.0,DR,Lateral,Lateral,2.0616213763082825,0.0,-0.7047550810098206,0.46643655188248,0.5005823575955267,-0.7122680158251586
BRA1,2024,110930.0,Reinaldo,Gremio,2842.0,DL,Lateral,Lateral,0.1549450895268438,0.0,1.5188006857546252,0.387594046769511,0.0673641584402884,0.306707567817567
BRA1,2024,114105.0,Renê,Internacional,1168.0,DL,Lateral,Lateral,-0.0371928078873269,0.0,-0.4910201831334545,5.561218437969334,1.3458267201102634,-0.7122680158251586
BRA1,2024,114194.0,Madson,Athletico Paranaense,1110.0,DR,Lateral,Lateral,-1.1458321983331945,0.0,-1.382462879706437,0.7187466460997155,-0.6993225323062026,-0.7122680158251586
BRA1,2024,119542.0,Gilberto,Bahia,1488.0,DR,Lateral,Lateral,0.4043111480618252,0.0,0.8386998645052169,0.0451654066356008,0.5151752348009565,-0.7122680158251586
BRA1,2024,121718.0,Marçal,Botafogo RJ,1138.0,DL,Lateral,Lateral,0.2430629396313868,0.0,-1.076804949608973,0.105879072999675,-0.6449060306956448,-0.7122680158251586
BRA1,2024,130563.0,Mayke,Palmeiras,1178.0,DR,Lateral,Lateral,-0.3661176812864146,0.0,-1.1587334149824822,0.3785049883898031,0.4299664964947556,-0.3255623013025745
BRA1,2024,144146.0,Leonardo Godoy,Athletico Paranaense,1813.0,DR,Lateral,Lateral,-0.94176268732377,0.0,-1.20397247356344,0.8102757818364261,-0.6166406271488964,0.4902036264571468
BRA1,2024,145385.0,Guillermo Varela,Flamengo,1168.0,DR,Lateral,Lateral,-0.1668086887953728,0.0,-0.9275458596398748,-0.6588703805871039,-0.5730233104429983,1.32138971501236
BRA1,2024,146526.0,Tinga,Fortaleza,2437.0,DR,Lateral,Lateral,0.5334278541060126,0.0,0.0789265378898448,-0.6874267620923981,-0.2113378405935799,1.3439210070651348
BRA1,2024,146674.0,Alan Ruschel,Juventude,2546.0,DL,Lateral,Lateral,-0.7543832529668854,0.0,-0.9406602070208296,-0.6607944470751952,-0.7267625478501716,-0.0349146160803763
BRA1,2024,243212.0,João Pedro,Gremio,3061.0,DR,Lateral,Lateral,0.6255653404207303,0.0,0.2902680885747532,0.1038182231067072,-0.0338710056639367,-0.2976968220836978
BRA1,2024,243276.0,William,Cruzeiro,3318.0,DR,Lateral,Lateral,1.268093396757232,0.0,1.827933621677534,0.881725666569596,2.671536320740701,-0.7122680158251586
BRA1,2024,255362.0,Marcelo Hermes,Criciuma,3596.0,DL,Lateral,Lateral,1.010499724192838,0.0,0.097160262828892,0.1618663024335197,0.8323170392058978,-0.7122680158251586
BRA1,2024,280413.0,Samuel Xavier,Fluminense,3061.0,DR,Lateral,Lateral,0.2995495644164944,0.0,-0.3691808533795871,-0.1275349830060581,0.1548360198059499,-0.7122680158251586
BRA1,2024,297581.0,Ayrton Lucas,Flamengo,2644.0,DL,Lateral,Lateral,-0.3385506032829157,0.0,1.822002871976337,-0.0828373143688966,0.0313131508508974,1.1706344520607137
BRA1,2024,328564.0,Fabricio Bustos,Internacional,961.0,DR,Lateral,Lateral,-0.5627835888422844,0.0,0.5828965673617172,-0.0496179135798409,0.414453294926608,3.994136555852928
BRA1,2024,337900.0,Juninho Capixaba,Red Bull Bragantino,2069.0,DL,Lateral,Lateral,-0.6177992619564451,0.0,1.455654179243569,-0.4033510044620217,0.401100838011646,0.7345875568151642
BRA1,2024,337971.0,Bruno Pacheco,Fortaleza,1368.0,DL,Lateral,Lateral,-0.4209408904377277,0.0,-0.221604287234733,-0.8618273349298962,-0.9705766432005956,0.786216627949855
BRA1,2024,341745.0,Marlon,Cruzeiro,2436.0,DL,Lateral,Lateral,-0.6930335268397675,0.0,0.2220553090953199,0.0764087426498602,0.5899451873827589,-0.7122680158251586
BRA1,2024,358143.0,Felipe Jonatan,Fortaleza,1689.0,DL,Lateral,Lateral,-0.7136541961931729,0.0,-0.2706745111926681,-0.9304959556792696,-1.3316708212803676,-0.7122680158251586
BRA1,2024,358560.0,Willean Lepo,Vitoria,2055.0,DR,Lateral,Lateral,0.5315225553600297,0.0,0.313586824961643,-0.3414053284612309,0.2162284051907457,-0.7122680158251586
BRA1,2024,373429.0,Igor Vinícius,Sao Paulo,2722.0,DR,Lateral,Lateral,0.0957547526452733,0.0,-1.3693246649462074,-0.8217721483818605,0.8066291011035748,-0.7122680158251586
BRA1,2024,373513.0,Lucas Piton,Vasco da Gama,3000.0,DL,Lateral,Lateral,0.7121021080960789,0.0,-1.174296563533017,0.5110231512689423,1.3723789585842816,0.090348901945382
BRA1,2024,374916.0,Caio Paulista,Palmeiras,1350.0,DL,Lateral,Lateral,-0.8797128888192902,0.0,-0.1519506511338464,-0.4901784070804487,-0.4697416391219463,-0.7122680158251586
BRA1,2024,376939.0,João Lucas,Juventude,2890.0,DR,Lateral,Lateral,1.3003940814310797,0.0,0.1967051709888038,0.9304973452269532,0.9994223817273996,-0.7122680158251586
BRA1,2024,381686.0,Lucas Esteves,Vitoria,3306.0,DL,Lateral,Lateral,0.6119875225269392,0.0,0.478847012907269,-0.5430146761131025,-0.5840395572759693,-0.1709435139688318
BRA1,2024,383128.0,Bruno Gomes,Internacional,2431.0,DR,Lateral,Lateral,-0.7542841262552442,0.0,0.7163019735362328,1.2872073580842496,0.6810855183691183,-0.0162568138272914
BRA1,2024,386203.0,Alexandro Bernabéi,Internacional,2314.0,DL,Lateral,Lateral,3.864841988096289,0.0,1.277017684263042,1.8361841006846904,4.144615138253098,1.5094635068875668
BRA1,2024,388576.0,José Rodríguez,Vasco da Gama,1274.0,DR,Lateral,Lateral,-0.2400720051994035,0.0,0.8856006529504297,-0.2964538371041091,1.013317640261212,1.0755629563396931
BRA1,2024,389158.0,Welington,Sao Paulo,1896.0,DL,Lateral,Lateral,-1.0676414389586408,0.0,-0.7617416644797237,-0.5081506166626751,-0.8501361946192042,-0.7122680158251586
BRA1,2024,397517.0,Luciano Juba,Bahia,3462.0,DL,Lateral,Lateral,0.0774999490673292,0.0,-1.024412857650699,0.0208631084968072,-0.2319963014338545,0.1148232854513364
BRA1,2024,397584.0,Michel Araújo,Sao Paulo,988.0,DL,Lateral,Lateral,0.5485930062990837,0.0,0.3583678579273312,0.7143025660776873,-0.4504206504623378,-0.7122680158251586
BRA1,2024,397843.0,Ramon,Cuiaba,2962.0,DL,Lateral,Lateral,0.1805620179489562,0.0,-0.1508559127188661,-0.6039463550165278,-0.6757096304854495,0.0017779126255567
BRA1,2024,398130.0,Matheuzinho,Corinthians,2549.0,DR,Lateral,Lateral,0.5358421909397519,0.0,-0.1502050315315579,0.0001306014268998,-0.5335571876625333,0.5514879063586897
BRA1,2024,403654.0,Ewerthon,Juventude,1352.0,DR,Lateral,Lateral,-0.4542523811149015,0.0,0.980608775723037,-1.1180148968331602,-1.1696744803928332,0.0578745567997003
BRA1,2024,404979.0,Lucas Esquivel,Athletico Paranaense,3007.0,DL,Lateral,Lateral,1.8025130492524344,0.0,-0.0318002045343946,1.5064471596722324,0.9946520423340456,-0.7122680158251586
BRA1,2024,406718.0,Vanderlan,Palmeiras,1244.0,DL,Lateral,Lateral,-0.3298463054841669,0.0,-1.118527433209482,-1.1849378221149978,-0.7197942553873188,-0.7122680158251586
BRA1,2024,414213.0,Eros Mancuso,Fortaleza,1007.0,DL,Lateral,Lateral,-1.1277669608214047,0.0,1.9759823003342336,0.0607304838934304,-0.0859192929734078,1.000285862774857
BRA1,2024,416790.0,Paulo Henrique,Vasco da Gama,2781.0,DR,Lateral,Lateral,-0.9108956590527668,0.0,0.1792013639467494,0.0708828841087361,0.2272884117770783,-0.1155529103366958
BRA1,2024,417929.0,Bruno Tubarão,Atletico GO,1786.0,DR,Lateral,Lateral,-0.8343316322524887,0.0,-0.4533233681068855,-0.2524088654390124,-0.6317882328839579,-0.7122680158251586
BRA1,2024,418751.0,Andrés Hurtado,Red Bull Bragantino,1483.0,DR,Lateral,Lateral,2.210852905457069,0.0,-0.4618198627327626,-1.2134193180737862,2.0738176086407862,-0.7122680158251586
BRA1,2024,418965.0,Matheus Alexandre,Cuiaba,2843.0,DR,Lateral,Lateral,-1.5144159315606356,0.0,-0.9790944317334958,-0.929080661487914,-1.5233664842534222,-0.7122680158251586
BRA1,2024,422035.0,Joaquín Piquerez,Palmeiras,1460.0,DL,Lateral,Lateral,0.6965578102149,0.0,1.8454587422451387,-0.1919742540609285,0.0980552931857088,1.0483781292286931
BRA1,2024,429481.0,Wesley,Flamengo,2624.0,DR,Lateral,Lateral,0.6034194911663737,0.0,0.7650465589886208,-0.4988893248353113,1.430700922656886,-0.7122680158251586
BRA1,2024,436560.0,Hugo,Corinthians,2061.0,DL,Lateral,Lateral,-1.0301205709770422,0.0,-0.1843232923109659,-1.1878582250143306,-1.480228191493604,-0.7122680158251586
BRA1,2024,436566.0,Maguinho,Atletico GO,1743.0,DR,Lateral,Lateral,0.1607328170036273,0.0,0.7120349487374,0.376499045949739,-0.141414668902111,-0.7122680158251586
BRA1,2024,439642.0,Nathan Mendes,Red Bull Bragantino,1310.0,DR,Lateral,Lateral,-1.292837027189945,0.0,-0.7100574723314945,-0.4977771207079856,-0.5884074054804732,-0.7122680158251586
BRA1,2024,453459.0,Guilherme Romão,Atletico GO,3108.0,DL,Lateral,Lateral,-0.278735878742584,0.0,2.076805030933765,-0.2931057651638742,-0.2416197455848227,0.0833972997148743
BRA1,2024,468000.0,Kaiki,Cruzeiro,1318.0,DL,Lateral,Lateral,-1.1063157964840682,0.0,-0.1619917722296474,-1.2134193180737862,-0.8982282789974635,1.0652537640874529
BRA1,2024,468006.0,Matheus Bidu,Corinthians,1718.0,DL,Lateral,Lateral,-0.406675967397009,0.0,0.6713033708664067,-0.2303500734522402,-0.1917327170536119,1.1438293776284094
BRA1,2024,472116.0,Cuiabano,Gremio,1847.0,DL,Lateral,Lateral,0.1243938839964537,0.0,1.2084555254264095,-1.0373615569195946,-0.2084909871223333,2.846357748152568
BRA1,2024,479765.0,Gabriel Inocêncio,Juventude,1038.0,DL,Lateral,Lateral,-0.7177851523792426,0.0,-1.6551271072398115,-1.2134193180737862,-1.6271956349801031,-0.7122680158251586
BRA1,2024,484252.0,Mateo Ponte,Botafogo RJ,1272.0,DR,Lateral,Lateral,-0.9704812423665692,0.0,-0.5195598180090124,-0.3713378448106617,-0.3348674981321567,2.5364682334372928
BRA1,2024,513492.0,Claudinho,Criciuma,2288.0,DR,Lateral,Lateral,0.6400627434819119,0.0,-0.0639489860017368,0.27991434266747,-0.0689367304883152,0.3827784546258129
BRA1,2024,514432.0,Railan,Cuiaba,1376.0,DR,Lateral,Lateral,-1.3052266705816922,0.0,0.0549855609289092,-0.8256188441896065,-1.074555748901252,-0.7122680158251586
BRA1,2024,14058.0,Dimitri Payet,Vasco da Gama,1348.0,AMC,Meio Campo,Meia,0.5360281779937687,0.0,-1.0567115045788802,0.0703984977538439,0.8601901732032773,0.9868681505474836
BRA1,2024,14195.0,Nenê,Juventude,1657.0,AMC,Meio Campo,Meia,-0.0663655013235309,0.0,-0.1052423803578557,-0.0740327629102934,1.1488873781520723,0.3199419533910698
BRA1,2024,17476.0,Zé Rafael,Palmeiras,1117.0,DMC,Meio Campo,Primeiro Volante,0.3882514303546907,0.0,-0.3961429252443182,-0.413228605219251,0.0133533568163406,-0.754081345889282
BRA1,2024,19119.0,Fernandinho,Athletico Paranaense,1746.0,DMC,Meio Campo,Primeiro Volante,1.8327301697881728,0.0,-0.3892244337183124,0.9872363860714668,1.3740681507324004,0.0747807874085427
BRA1,2024,31958.0,Fernando,Internacional,1736.0,DMC,Meio Campo,Primeiro Volante,-0.6115791075930499,0.0,-0.9808003079968504,-0.9505039097753362,-0.6913975343726769,0.3611893539882106
BRA1,2024,35237.0,Eduardo Vargas,Atletico MG,1005.0,AMC,Meio Campo,Meia,-0.3058081628677641,0.0,0.4339961092808383,-0.145449809393483,-0.6686478839700297,1.7561772762863563
BRA1,2024,40237.0,Ganso,Fluminense,2432.0,AMC,Meio Campo,Meia,0.810031892628046,0.0,-1.3713567831782048,-0.1032458419124477,0.6548607387611182,0.2028443346973903
BRA1,2024,43369.0,Luiz Gustavo,Sao Paulo,2409.0,DMC,Meio Campo,Primeiro Volante,-0.6554954195551322,0.0,0.9303756904011372,-0.614169076253137,-0.7917642107090559,-0.754081345889282
BRA1,2024,74571.0,Alan Patrick,Internacional,1979.0,AMC,Meio Campo,Meia,2.3515963174216106,0.0,0.9925752219793448,2.674402175865425,3.054362298880766,0.1945997743519548
BRA1,2024,75971.0,Marquinhos Gabriel,Criciuma,1170.0,AMC,Meio Campo,Meia,2.1361289136536925,0.0,-0.0637579527246654,0.2380041817352377,-0.1922660837434364,-0.754081345889282
BRA1,2024,81716.0,Osvaldo,Vitoria,1154.0,ML,Meio Campo,Segundo Volante,0.0126253366932296,0.0,0.3095389512906009,-0.5973137153002048,-0.3816662167198749,-0.0931541583771962
BRA1,2024,101395.0,Igor Coronado,Corinthians,1603.0,AMC,Meio Campo,Meia,1.157047624696982,0.0,1.5337773022121457,1.9110025980280003,2.32369966374956,0.1731217837164248
BRA1,2024,101467.0,Éverton Ribeiro,Bahia,2900.0,MC,Meio Campo,Segundo Volante,1.3929584505603871,0.0,-0.4928560405505664,2.578209859503981,1.7063643696939312,-0.0797135524419372
BRA1,2024,101642.0,Bernard,Atletico MG,1063.0,AMC,Meio Campo,Meia,0.4664920994528276,0.0,-0.8596237747821216,1.4322379926862194,0.9308317097594332,-0.754081345889282
BRA1,2024,102256.0,Edenílson,Gremio,1507.0,AMC,Meio Campo,Meia,-0.5648756677716665,0.0,-0.6485670031808674,-0.2273500867725704,-0.2603492437586352,-0.4815597890150729
BRA1,2024,114095.0,Gabriel,Athletico Paranaense,1588.0,DMC,Meio Campo,Primeiro Volante,-0.4274065496920312,0.0,-0.7969796799853058,-0.1950826679100286,-0.6904617773213257,0.169564718813473
BRA1,2024,114096.0,Jádson,Juventude,3191.0,DMC,Meio Campo,Primeiro Volante,0.5876003356296006,0.0,-0.7405515935282637,-0.4827842409085364,-0.3283289572163364,-0.754081345889282
BRA1,2024,115098.0,Lucas Silva,Cruzeiro,2187.0,MC,Meio Campo,Segundo Volante,-0.2167197808172218,0.0,-0.2042787545350791,-0.6833343307525042,-0.4909193323706309,-0.2712007036677265
BRA1,2024,117055.0,Erick Pulgar,Flamengo,1954.0,DMC,Meio Campo,Primeiro Volante,1.5454827570317804,0.0,-0.9812247722604888,-0.0463542714455817,0.4430862920779538,-0.754081345889282
BRA1,2024,121009.0,Luciano,Sao Paulo,2522.0,AMC,Meio Campo,Meia,-0.5640420945276015,0.0,1.6497535365051046,-0.2161832495866154,-0.1606947834009091,2.2778997841263573
BRA1,2024,121771.0,Filipe Augusto,Cuiaba,945.0,MC,Meio Campo,Segundo Volante,-0.6088710685179688,0.0,-1.0938190927260834,-0.4328152469770991,-0.8235990668213687,-0.754081345889282
BRA1,2024,125297.0,Lucas Romero,Cruzeiro,2759.0,MC,Meio Campo,Segundo Volante,0.6999078612532958,0.0,-0.6986786353438701,-0.1026440086030745,-0.21668401687392,-0.754081345889282
BRA1,2024,128627.0,Giorgian de Arrascaeta,Flamengo,1134.0,AMC,Meio Campo,Meia,1.3816213138034066,0.0,0.6742174825516978,2.2277465124117137,3.4398997714563304,5.816544535768314
BRA1,2024,130449.0,Alisson,Sao Paulo,1780.0,DMC,Meio Campo,Primeiro Volante,0.0208898114056042,0.0,-0.9419838765990628,0.0882865680182587,-0.4384666931592948,-0.754081345889282
BRA1,2024,130887.0,Willian Oliveira,Vitoria,2983.0,MC,Meio Campo,Segundo Volante,-0.7409914199145661,0.0,0.4814114168713557,-0.6320138548146434,-0.8604309127415454,0.8128121091504587
BRA1,2024,131057.0,Ramiro,Cruzeiro,1611.0,MC,Meio Campo,Segundo Volante,-0.6626358416724771,0.0,-1.1177896900055706,-0.4823802240550617,-0.2940445829106215,0.0471228481878239
BRA1,2024,131079.0,Lucas Evangelista,Red Bull Bragantino,2818.0,DMC,Meio Campo,Primeiro Volante,-0.0386373368264881,0.0,0.4886614370732582,-0.3054563612141766,-0.4407374229207198,0.0509481988789465
BRA1,2024,132282.0,Bruno Henrique,Internacional,2112.0,DMC,Meio Campo,Primeiro Volante,-0.0370669372065714,0.0,0.3843953665902174,0.0285300514446747,0.0855119556387072,0.7737831861398585
BRA1,2024,142436.0,Pablo Galdames,Vasco da Gama,1242.0,MC,Meio Campo,Segundo Volante,0.0932252010822246,0.0,-0.4920516098681528,-0.347249801532179,-0.5285305153217473,-0.754081345889282
BRA1,2024,146672.0,Zé Welison,Fortaleza,1014.0,DMC,Meio Campo,Primeiro Volante,-1.0523653199984997,0.0,-1.556304104358018,-0.9505039097753362,-0.9970018000652158,-0.754081345889282
BRA1,2024,146764.0,Otávio,Atletico MG,2161.0,MC,Meio Campo,Segundo Volante,-0.820694629122484,0.0,-1.293581675184578,-0.5544557808227211,-0.8238025260404588,-0.754081345889282
BRA1,2024,149572.0,Franco Cristaldo,Gremio,2355.0,AMC,Meio Campo,Meia,2.4274865832315733,0.0,2.075554351772801,1.5154356561815774,2.110506488473541,1.1476071960571372
BRA1,2024,149738.0,Gustavo Scarpa,Atletico MG,2525.0,DMR,Meio Campo,Primeiro Volante,1.1080174591784222,0.0,2.898257140906999,0.9262486518627544,2.2440742420488498,-0.1731902762861236
BRA1,2024,241822.0,Guilherme Arana,Atletico MG,1481.0,ML,Meio Campo,Segundo Volante,1.3779681114805518,0.0,2.0943670979730222,0.6337925765109023,0.8293241852854984,0.4871925264520156
BRA1,2024,241825.0,Barreto,Criciuma,2526.0,MC,Meio Campo,Segundo Volante,-0.8377569629331798,0.0,-0.6885861544360946,-0.5666700770075483,-0.3433793793724325,-0.4211689791320219
BRA1,2024,248121.0,Thiago Maia,Internacional,2078.0,DMC,Meio Campo,Primeiro Volante,0.4209338317185465,0.0,-0.781455655105002,0.4969773755674154,-0.3011730069088223,-0.754081345889282
BRA1,2024,253963.0,Dodi,Gremio,2622.0,DMC,Meio Campo,Primeiro Volante,-0.2391667006831483,0.0,-1.0725082633945315,-0.9505039097753362,-0.9194670287465976,-0.754081345889282
BRA1,2024,277351.0,Emmanuel Martínez,Fortaleza,1135.0,MC,Meio Campo,Segundo Volante,1.8099000599499484,0.0,-0.5639127000305336,-0.0001511897608975,0.2784656004472402,0.5209788168754774
BRA1,2024,279478.0,Lincoln,Red Bull Bragantino,1694.0,AMC,Meio Campo,Meia,2.098599113606908,0.0,-0.1733283044741209,-0.3478363275038771,0.9838546794684696,0.2156706876630981
BRA1,2024,280693.0,Matheuzinho,Vitoria,2758.0,MR,Meio Campo,Segundo Volante,0.0612841282517529,0.0,1.9650735786650924,-0.3443321661125891,0.3709916284115553,0.2670063645661609
BRA1,2024,281935.0,Allano,Criciuma,1456.0,MR,Meio Campo,Segundo Volante,1.1310229548532091,0.0,2.2694792597669653,2.4418052141569446,0.5536201133547772,-0.754081345889282
BRA1,2024,294056.0,Danilo Barbosa,Botafogo RJ,1298.0,DMC,Meio Campo,Primeiro Volante,-0.8057503574576657,0.0,-0.6889644959336326,-0.6662814467460508,-0.7252131263733247,1.5963345998393683
BRA1,2024,295838.0,Allan,Flamengo,1568.0,DMC,Meio Campo,Primeiro Volante,-0.8167956042785463,0.0,-0.9457575102376394,-0.5071297329048402,-0.7724085993473437,-0.754081345889282
BRA1,2024,297389.0,Matheus Pereira,Cruzeiro,3132.0,AMC,Meio Campo,Meia,2.3023206724858576,0.0,1.914859489019948,4.682023397360237,2.897985905331918,2.692687376174925
BRA1,2024,299394.0,Ronaldo,Juventude,1284.0,DMC,Meio Campo,Primeiro Volante,-0.3185693525010522,0.0,-1.043359094860474,0.2291280783405923,-0.1700895625749854,1.8961210573313567
BRA1,2024,299687.0,Tomás Pochettino,Fortaleza,1850.0,AMC,Meio Campo,Meia,1.1598198231352477,0.0,0.3976488969496456,0.8670244090144111,0.3709888736404099,1.0641600344973967
BRA1,2024,317677.0,Raphael Veiga,Palmeiras,2716.0,AMC,Meio Campo,Meia,0.7996629435859053,0.0,2.065574681326434,0.563283645407401,1.2331386650077678,1.6436983968651393
BRA1,2024,317741.0,Lucas Fernandes,Cuiaba,1246.0,AMC,Meio Campo,Meia,-0.900344656553587,0.0,0.1213938117835275,0.3336005372592787,-0.2962535012482816,-0.2989101466202475
BRA1,2024,317747.0,Lucas Kal,Atletico GO,1298.0,MC,Meio Campo,Segundo Volante,-0.8510786880167333,0.0,-0.5409127196501168,-0.7386592954671537,-0.8510792707981727,-0.754081345889282
BRA1,2024,318247.0,Matheusinho,Criciuma,1755.0,AMC,Meio Campo,Meia,0.775711864383839,0.0,1.078835732728593,2.204569334099808,1.0648563730175902,0.7057039802112667
BRA1,2024,318252.0,Lucas Mineiro,Cuiaba,2700.0,MC,Meio Campo,Segundo Volante,-1.0787205160584197,0.0,-0.959509845034086,-0.7862243281911765,-0.7993647339182357,-0.754081345889282
BRA1,2024,318676.0,Marlon Freitas,Botafogo RJ,2672.0,DMC,Meio Campo,Primeiro Volante,1.399385658273711,0.0,0.3879663845014117,1.3261689976234434,0.8857671751147289,-0.754081345889282
BRA1,2024,319406.0,Matheus Rossetto,Fortaleza,1689.0,DMC,Meio Campo,Primeiro Volante,-0.8093184343641041,0.0,-1.7008990146214324,-0.9505039097753362,-0.917377918227853,-0.754081345889282
BRA1,2024,320349.0,Filipe Machado,Cruzeiro,1130.0,MC,Meio Campo,Segundo Volante,-0.5868921942807496,0.0,-0.6241186215399338,-0.9505039097753362,-0.4390681110998174,-0.754081345889282
BRA1,2024,321846.0,Lima,Fluminense,2074.0,DMC,Meio Campo,Primeiro Volante,-0.4583112826944431,0.0,0.661108385212927,-0.9505039097753362,-0.5445643571999186,2.065322288142505
BRA1,2024,326607.0,Lucas Sasha,Fortaleza,1362.0,DMC,Meio Campo,Primeiro Volante,-0.18234640060809,0.0,-0.8741633508887255,-0.2180437523279874,-0.4963520672930658,-0.754081345889282
BRA1,2024,328510.0,Jean Carlos,Juventude,1170.0,AMC,Meio Campo,Meia,0.9061525349821082,0.0,-0.6645019588593442,-0.0523647136239233,0.3824726068258018,1.719753328876533
BRA1,2024,332151.0,Matías Zaracho,Atletico MG,961.0,MC,Meio Campo,Segundo Volante,-0.9027237358996584,0.0,-0.5447685429062703,-0.4548589408407907,-0.7950785051682573,-0.0011191790120696
BRA1,2024,334972.0,Alan Franco,Atletico MG,1923.0,MC,Meio Campo,Segundo Volante,-0.6718447118629489,0.0,-1.3779392186621982,-0.4622571298637166,-0.5654966699777827,-0.754081345889282
BRA1,2024,337817.0,Jefferson Savarino,Botafogo RJ,2234.0,AMC,Meio Campo,Meia,1.705467203196956,0.0,1.500248763358584,1.91845201225501,1.870719624553905,1.548247732276743
BRA1,2024,342058.0,Cauly,Bahia,2890.0,AMC,Meio Campo,Meia,0.5060210153933926,0.0,0.4167326435098348,0.445509715494255,0.5599561938442166,0.4775149218668029
BRA1,2024,344723.0,Gonzalo Freitas,Atletico GO,943.0,DMC,Meio Campo,Primeiro Volante,-1.210175175133508,0.0,1.455296274666416,-0.0816159541444196,-1.0092072464377235,-0.754081345889282
BRA1,2024,344767.0,Mathías Villasanti,Gremio,2622.0,DMC,Meio Campo,Primeiro Volante,-0.6281032080253642,0.0,-0.3757617173959663,0.6744249608171216,0.722538563366304,0.9241222590855176
BRA1,2024,345389.0,Nicolás de la Cruz,Flamengo,1122.0,DMC,Meio Campo,Primeiro Volante,3.925597967429346,0.0,0.8725384513926647,2.2101606348549656,2.898363775545635,-0.754081345889282
BRA1,2024,348667.0,Matheus Henrique,Cruzeiro,1364.0,MC,Meio Campo,Segundo Volante,-0.560081719226593,0.0,0.244693216074557,-0.4442257292832634,0.0297742621901955,-0.0371947619459902
BRA1,2024,349214.0,Igor Gomes,Atletico MG,1561.0,MC,Meio Campo,Segundo Volante,-0.6515499729571972,0.0,-0.9624207869603948,-0.0606196887452738,-0.0900507728926487,-0.754081345889282
BRA1,2024,349707.0,Matheus Fernandes,Red Bull Bragantino,928.0,DMC,Meio Campo,Primeiro Volante,-1.002748248758068,0.0,0.2179048146644056,-0.5136767139272994,-0.1831246441908242,0.5525062539149483
BRA1,2024,352932.0,Ricardo Ryller,Vitoria,1149.0,MC,Meio Campo,Segundo Volante,-1.0826154284831604,0.0,-0.7286785175650558,-0.7974957846799955,-0.8347460972501534,-0.754081345889282
BRA1,2024,355659.0,Jean Lucas,Bahia,3157.0,MC,Meio Campo,Segundo Volante,0.0369278926223208,0.0,1.620933359947506,-0.2725837181883845,-0.2151518678876816,-0.0974432093491686
BRA1,2024,355710.0,Gregore,Botafogo RJ,2512.0,DMC,Meio Campo,Primeiro Volante,0.2572916346126963,0.0,0.0428571399155877,-0.7590876851740416,-0.2434380621773061,0.6628427041963413
BRA1,2024,358737.0,Raul,Red Bull Bragantino,1480.0,MC,Meio Campo,Segundo Volante,-0.8486507854535195,0.0,-0.5894411265579731,-0.3090961842487058,-0.5842666104955105,-0.754081345889282
BRA1,2024,360288.0,Luan Silva,Vitoria,1743.0,DMC,Meio Campo,Primeiro Volante,-1.193708824017843,0.0,-0.8649454506924296,-0.9505039097753362,-1.036476203424154,-0.754081345889282
BRA1,2024,363107.0,Álvaro Barreal,Cruzeiro,1654.0,MC,Meio Campo,Segundo Volante,0.3541538704996855,0.0,0.9889507264686036,0.4902473455245891,0.6079422690684931,0.5465433585224652
BRA1,2024,363129.0,Eric Ramires,Red Bull Bragantino,1243.0,MC,Meio Campo,Segundo Volante,-1.0039128676829847,0.0,-0.2575815070807645,-0.8109979681821631,-0.7000145582649705,0.2371253786708942
BRA1,2024,365617.0,Pepê,Gremio,1423.0,DMC,Meio Campo,Primeiro Volante,-1.0408241933171876,0.0,-0.6082613019492755,-0.5171984715986278,-0.5734003399724055,0.2354337298085788
BRA1,2024,366428.0,Fausto Vera,Corinthians,2175.0,MC,Meio Campo,Segundo Volante,-0.7677678983447673,0.0,1.1477343528427515,-0.7935684256088684,-0.691874666140054,0.6486036644811951
BRA1,2024,366498.0,Jadsom,Red Bull Bragantino,1848.0,MC,Meio Campo,Segundo Volante,-0.92677923722042,0.0,-0.6775777738608078,-0.1535621252886222,-0.6576894881775492,-0.754081345889282
BRA1,2024,370389.0,Aníbal Moreno,Palmeiras,2794.0,DMC,Meio Campo,Primeiro Volante,-0.5820439970493881,0.0,-0.4082022800021709,-0.1604923700894636,-0.7137605491339065,-0.754081345889282
BRA1,2024,373449.0,Hugo Moura,Vasco da Gama,2305.0,DMC,Meio Campo,Primeiro Volante,-0.7840164083703913,0.0,0.1133270686973715,-0.2853915152629111,-0.6402016276761032,-0.754081345889282
BRA1,2024,373502.0,Fernando Sobral,Cuiaba,2232.0,MC,Meio Campo,Segundo Volante,0.2026849063885079,0.0,-0.5594509819400575,-0.0618172029243903,0.1992850608119151,-0.754081345889282
BRA1,2024,373515.0,Erick,Athletico Paranaense,2848.0,DMC,Meio Campo,Primeiro Volante,-0.6574885978389412,0.0,1.3209349486341282,-0.8385430294763734,-0.1650962156415703,0.7566161689260478
BRA1,2024,376914.0,Maurício,Internacional,1674.0,AMC,Meio Campo,Meia,-0.0654321302337459,0.0,0.6665422532970414,0.3544684261326147,0.218543962015268,0.0520177907225083
BRA1,2024,378823.0,Rômulo,Internacional,1997.0,DMC,Meio Campo,Primeiro Volante,-0.8954273010698166,0.0,-0.9522298821427012,-0.9505039097753362,-0.9935022818353504,-0.754081345889282
BRA1,2024,380894.0,Pedro Augusto,Fortaleza,1361.0,DMC,Meio Campo,Primeiro Volante,-1.1646601245998234,0.0,-1.3729367770259495,-0.9505039097753362,-0.990622451091529,-0.754081345889282
BRA1,2024,383781.0,Marcos Antônio,Sao Paulo,917.0,DMC,Meio Campo,Primeiro Volante,0.3210574245762489,0.0,-1.3820032978615506,-0.2617288529451824,-0.3982021181797624,-0.754081345889282
BRA1,2024,388735.0,Caio Alexandre,Bahia,2974.0,DMC,Meio Campo,Primeiro Volante,-0.2033036502554502,0.0,-0.2411840687047864,0.0669645743148916,-0.13723022637284,0.3046352740184694
BRA1,2024,389163.0,Rodrigo Nestor,Sao Paulo,1175.0,AMC,Meio Campo,Meia,-0.3785121209350626,0.0,-0.3013643333887755,-0.6792929017605973,0.526913972766243,-0.754081345889282
BRA1,2024,397491.0,Christian,Athletico Paranaense,1652.0,AMC,Meio Campo,Meia,-0.4860870108117551,0.0,-0.4508720825319942,-0.2852764696217547,-0.2590460027905561,-0.2213634461018819
BRA1,2024,397585.0,André,Fluminense,1199.0,DMC,Meio Campo,Primeiro Volante,-0.6461306588781541,0.0,-1.2049659713509828,-0.9505039097753362,-0.9940641483419732,-0.754081345889282
BRA1,2024,397847.0,Gabriel Menino,Palmeiras,1227.0,DMC,Meio Campo,Primeiro Volante,0.1164864459800154,0.0,0.4003994243869462,-0.3796341468036096,0.1865315500158728,-0.754081345889282
BRA1,2024,397897.0,Ronald,Criciuma,1699.0,MC,Meio Campo,Segundo Volante,-0.2043032901631281,0.0,-0.6837518186230267,0.1289873784163326,-0.325134310925749,-0.5699102710455104
BRA1,2024,397965.0,Roni,Atletico GO,1616.0,DMC,Meio Campo,Primeiro Volante,-0.8533227082190428,0.0,-0.1732882773185118,-0.2823300741349277,-0.5572629209471037,-0.1489864817193253
BRA1,2024,401192.0,Martinelli,Fluminense,2909.0,DMC,Meio Campo,Primeiro Volante,-0.3493474493541068,0.0,-1.31051858912969,-0.530999385177753,-0.7719511242255392,-0.202810595522219
BRA1,2024,402213.0,Richard Ríos,Palmeiras,1909.0,DMC,Meio Campo,Primeiro Volante,-0.1548917660737595,0.0,0.9181615864022984,0.5681306304960079,-0.2823178011478475,-0.754081345889282
BRA1,2024,404487.0,Gabriel Baralhas,Atletico GO,2734.0,MC,Meio Campo,Segundo Volante,-0.4550929869323245,0.0,1.030608843420704,-0.0899666481571781,-0.4404908744002065,-0.2891276916653445
BRA1,2024,405839.0,Juan Sforza,Vasco da Gama,1449.0,DMC,Meio Campo,Primeiro Volante,-0.5965526821156059,0.0,-1.1121313350237332,-0.9505039097753362,-0.9340466110285056,-0.754081345889282
BRA1,2024,407747.0,Rubens,Atletico MG,1404.0,DML,Meio Campo,Primeiro Volante,0.0896577863365802,0.0,-0.1328439305480775,0.1159157378439509,-0.192004870413796,-0.754081345889282
BRA1,2024,416897.0,Mandaca,Juventude,1320.0,AMC,Meio Campo,Meia,-0.3997077664673137,0.0,0.2608534825583602,-0.0659798835433328,-0.2299389516750618,0.3274615470864977
BRA1,2024,417706.0,Max,Cuiaba,1407.0,MC,Meio Campo,Segundo Volante,0.0669542776645585,0.0,-0.1729558819974765,-0.5359258853547503,-0.3807350927850531,-0.031304776935056
BRA1,2024,420319.0,Raniele,Corinthians,2563.0,DMC,Meio Campo,Primeiro Volante,-0.901976891785202,0.0,-0.3969614172824502,-0.3849924469573055,-0.6868428862645273,-0.754081345889282
BRA1,2024,429475.0,Jhon Jhon,Palmeiras,1433.0,AMC,Meio Campo,Meia,1.1822764590152282,0.0,-0.4960466356273753,0.0421463608340461,1.21479552402867,0.7334808279328094
BRA1,2024,432685.0,Rodrigo Garro,Corinthians,3375.0,AMC,Meio Campo,Meia,2.2589999034353325,0.0,1.805416290518591,3.992840210473133,3.398090802812438,2.4329308927729847
BRA1,2024,436640.0,Hércules,Fortaleza,2567.0,DMC,Meio Campo,Primeiro Volante,-0.4729015198659748,0.0,-0.7594965897101512,-0.4592874551393501,-0.2939333291005599,-0.0455616969109068
BRA1,2024,436657.0,Agustín Canobbio,Athletico Paranaense,1340.0,AMC,Meio Campo,Meia,0.5105594835377448,0.0,1.522160816540926,0.6441977375128808,0.1779355215999649,1.829149910651928
BRA1,2024,441410.0,Breno Bidon,Corinthians,1990.0,MC,Meio Campo,Segundo Volante,-0.6233814492315135,0.0,-0.4377072392274138,-0.3169052892262384,-0.834859954777903,-0.754081345889282
BRA1,2024,442751.0,Rhaldney,Atletico GO,2350.0,MC,Meio Campo,Segundo Volante,-0.5702996880863495,0.0,0.289313068893727,-0.6018969194497678,-0.658236411656112,-0.754081345889282
BRA1,2024,443546.0,Alexsander,Fluminense,903.0,DMC,Meio Campo,Primeiro Volante,0.4703901750137355,0.0,0.804310476936098,-0.7657634861624181,-0.7529519145333284,-0.754081345889282
BRA1,2024,444815.0,Denilson,Cuiaba,2320.0,MC,Meio Campo,Segundo Volante,0.3406680181408617,0.0,-0.3386660628570975,0.2269191424079054,-0.0413956175020858,-0.754081345889282
BRA1,2024,445346.0,Brahian Palacios,Atletico MG,978.0,DMR,Meio Campo,Primeiro Volante,-0.4794488297541451,0.0,1.0886247889024363,-0.2717868539848757,-0.3007492311499633,-0.754081345889282
BRA1,2024,445709.0,Damián Bobadilla,Sao Paulo,1173.0,DMC,Meio Campo,Primeiro Volante,-0.91366324601792,0.0,-0.1588222287144362,-0.3296440190454294,-0.7686653416818597,0.1462255292501399
BRA1,2024,462994.0,Bruno Zapelli,Athletico Paranaense,1581.0,AMC,Meio Campo,Meia,1.9084434679614857,0.0,0.4609810941277962,1.5605952518931916,1.943779821956032,-0.754081345889282
BRA1,2024,469349.0,Miguel Monsalve,Gremio,1072.0,AMC,Meio Campo,Meia,1.7587708940064146,0.0,0.3889761136257602,0.6537127418176143,-0.0848557443958896,1.1432071476155612
BRA1,2024,470938.0,Evertton Araújo,Flamengo,918.0,DMC,Meio Campo,Primeiro Volante,-1.0182031139071726,0.0,0.730951916169175,-0.9505039097753362,-0.757629879035311,-0.4984386529484584
BRA1,2024,471629.0,Newton,Criciuma,2567.0,MC,Meio Campo,Segundo Volante,-0.7244402171896802,0.0,1.110483333938093,-0.2326680849737678,-0.4243182292246313,-0.754081345889282
BRA1,2024,471637.0,Gustavinho,Red Bull Bragantino,1093.0,MC,Meio Campo,Segundo Volante,-0.4795376884547323,0.0,-0.8485955441348815,-0.1563367830710117,0.4479540444618832,-0.754081345889282
BRA1,2024,475166.0,Alisson,Atletico MG,1010.0,DMR,Meio Campo,Primeiro Volante,-0.4824248058321461,0.0,1.8955236661620785,-0.176159422858276,1.0313453683702407,0.5626050785445439
BRA1,2024,478179.0,João Cruz,Athletico Paranaense,946.0,MC,Meio Campo,Segundo Volante,0.1571124126242857,0.0,0.972746399113545,0.4072022109448394,0.515809803366774,-0.754081345889282
BRA1,2024,482037.0,Mateus Carvalho,Vasco da Gama,2427.0,DMC,Meio Campo,Primeiro Volante,-0.4906274659860083,0.0,-0.7060641995286207,-0.9505039097753362,-0.7944806201067554,0.5754818562720467
BRA1,2024,491556.0,Higor Meritão,Criciuma,1183.0,MC,Meio Campo,Segundo Volante,-0.9422274744975636,0.0,0.3504595102168865,-0.7740564126424273,-0.9237263887547263,0.2378036588430763
BRA1,2024,512611.0,Facundo Bernal,Fluminense,1053.0,DMC,Meio Campo,Primeiro Volante,-1.2132479130392095,0.0,0.7833670563148394,-0.8867207201102361,-0.9733964889362624,-0.754081345889282
BRA1,2024,513499.0,Fellipe Mateus,Criciuma,2075.0,ML,Meio Campo,Segundo Volante,-0.7984095321442024,0.0,0.886732809703291,-0.8354274987753117,-0.2953517119564025,1.21572260403089
BRA1,2024,514437.0,Caíque,Juventude,1574.0,DMC,Meio Campo,Primeiro Volante,-0.7734778654754934,0.0,-1.711189515438594,-0.7363238788544255,-0.9892821893540384,-0.754081345889282
BRA1,2024,517830.0,Felipinho,Athletico Paranaense,1034.0,DMC,Meio Campo,Primeiro Volante,-0.8131040106411992,0.0,-0.8871587192071899,-0.9505039097753362,-0.9325671922688312,-0.754081345889282
BRA1,2024,518496.0,Léo Naldi,Vitoria,1260.0,MC,Meio Campo,Segundo Volante,-1.036620315505992,0.0,-0.3272981340424479,-0.9505039097753362,-1.0369912508087564,-0.754081345889282
BRA1,2024,92508.0,Lucas Moura,Sao Paulo,2491.0,AMR,Extremo,Extremo,0.3571098891927885,0.0,-0.5704097740571253,0.1422092787994682,0.0844269636549753,1.44750146090967
BRA1,2024,93026.0,Felipe Anderson,Palmeiras,1446.0,AML,Extremo,Extremo,2.6350010063701905,0.0,-0.5255247057858695,1.402744841297327,1.8675488464196748,0.2848036664929268
BRA1,2024,93064.0,Nikão,Athletico Paranaense,1776.0,AMR,Extremo,Extremo,-0.4005654834655398,0.0,0.7801421594704859,0.3099998037638544,0.0400141412616617,1.3697482160908865
BRA1,2024,236295.0,Cristian Pavón,Gremio,1187.0,AMR,Extremo,Extremo,1.2918756169348542,0.0,0.9493838599427488,0.3488935737633026,0.0852848063324304,-0.2892168585732161
BRA1,2024,242791.0,Gerson,Flamengo,2753.0,AMR,Extremo,Extremo,1.2674294444812322,0.0,0.0848806120399324,0.5551521863225826,0.92796703137816,0.46387804245873
BRA1,2024,260689.0,Yeferson Soteldo,Gremio,1845.0,AML,Extremo,Extremo,1.0920575876633942,0.0,-0.0176106744902781,1.8984241702154707,2.2487788604559937,0.5107068791817335
BRA1,2024,279520.0,Jonathan Cafú,Cuiaba,1564.0,AMR,Extremo,Extremo,-0.2117640039817035,0.0,-1.3679563093794496,-0.7679281972302766,-1.1322942088805366,-1.167135854835581
BRA1,2024,279575.0,Bruno Henrique,Flamengo,2280.0,AML,Extremo,Extremo,-0.8396668557790153,0.0,0.0388093346418876,0.2197895662099769,-0.8434737436899346,0.3317420878220831
BRA1,2024,280246.0,Carlos Eduardo,Vitoria,985.0,AML,Extremo,Extremo,-1.0211113631731508,0.0,0.5569424765564029,-0.6416475361020794,-1.214869067795168,-1.167135854835581
BRA1,2024,284377.0,Marinho,Fortaleza,1478.0,AMR,Extremo,Extremo,-0.2691534345965847,0.0,0.0595674527007661,-0.2533103990687139,-0.1810559319283517,0.9065922526296484
BRA1,2024,284602.0,Keno,Fluminense,1564.0,AML,Extremo,Extremo,-1.3351054064304082,0.0,0.2192753927248112,-0.8860547473997609,-1.0498257955827677,-1.0299568842483993
BRA1,2024,295012.0,Wanderson,Internacional,1143.0,AML,Extremo,Extremo,0.6613333611195434,0.0,-1.1029981981609942,-0.1585762780975297,-0.7386777650495561,-1.0598753074048337
BRA1,2024,295190.0,Clayson,Cuiaba,2238.0,AML,Extremo,Extremo,-0.4619196834228375,0.0,-0.2394051589836499,-0.262255616950363,0.1761649438521729,-0.3865134323980666
BRA1,2024,317656.0,Tchê Tchê,Botafogo RJ,1798.0,AML,Extremo,Extremo,0.0320437347254695,0.0,-1.46234808225079,-1.3206946859841366,-0.9141990840551556,-1.167135854835581
BRA1,2024,317743.0,Luiz Araújo,Flamengo,1758.0,AMR,Extremo,Extremo,1.4770500281444034,0.0,1.6737163522220062,-0.1107937475019127,0.1975466570967941,0.2363345461775335
BRA1,2024,317762.0,David,Vasco da Gama,1781.0,AML,Extremo,Extremo,-0.7742340317743452,0.0,-0.1183184023818685,-0.3042217511072803,-0.8635838353581211,0.2182099986068982
BRA1,2024,329403.0,Arthur Gomes,Cruzeiro,1402.0,FWL,Extremo,Extremo,-1.219316500769978,0.0,0.1997996633704142,0.0634021183036406,-0.7424644093479602,-0.6752540558786895
BRA1,2024,331611.0,Gustavo Silva,Corinthians,1285.0,AMR,Extremo,Extremo,-0.373730420205681,0.0,-1.4285996818192677,-0.8657388226704038,-0.7252456514931886,-0.6662457925826176
BRA1,2024,336102.0,Tomás Cuello,Athletico Paranaense,2216.0,AML,Extremo,Extremo,2.054811737760704,0.0,1.9019642995356256,0.9792281841568562,1.7257939078731903,-0.0399017995966857
BRA1,2024,337301.0,Shaylon,Atletico GO,2451.0,FWR,Extremo,Extremo,0.8859950900325092,0.0,0.367195130631095,1.681744325110895,1.0441193881031168,-0.8920263356909894
BRA1,2024,337884.0,Yago Pikachu,Fortaleza,1848.0,AMR,Extremo,Extremo,-0.6533879092388699,0.0,-0.7458935076013307,-0.8174946202440829,-0.7783105037231299,-0.3295763731629766
BRA1,2024,337976.0,Luiz Fernando,Atletico GO,2855.0,FWL,Extremo,Extremo,-0.8208190793318869,0.0,0.9583877211203878,-0.0750226022964957,-0.3807404484038599,0.110382348306974
BRA1,2024,342699.0,Tabata,Internacional,1177.0,AMR,Extremo,Extremo,0.6439212507916579,0.0,0.2428903716540764,0.2181713180654951,1.3833222895517376,-1.167135854835581
BRA1,2024,355777.0,Helinho,Red Bull Bragantino,1211.0,FWR,Extremo,Extremo,1.268457156939213,0.0,0.8991234062612438,0.0921558163100364,1.8085574394744488,3.502451191843205
BRA1,2024,356785.0,Ademir,Bahia,1306.0,FWR,Extremo,Extremo,-0.5979840106757279,0.0,-0.4189543976574602,-0.406291030150511,-0.2990039098175421,-0.4513503314326326
BRA1,2024,361732.0,Thiago Almada,Botafogo RJ,1369.0,AML,Extremo,Extremo,2.57946179656472,0.0,1.9752095238692704,4.544706365972033,2.409708670438321,-1.167135854835581
BRA1,2024,373654.0,Janderson,Atletico GO,1086.0,FWR,Extremo,Extremo,-0.6628754931056171,0.0,-0.6692663403587814,-1.093751661456991,0.3380720351448734,-0.2640138974628785
BRA1,2024,373666.0,Vitinho,Red Bull Bragantino,2127.0,FWL,Extremo,Extremo,-0.51769009508292,0.0,0.3107726798476102,0.0781545561035625,-0.2717376589981803,-0.2881364250619554
BRA1,2024,384431.0,Ferreira,Sao Paulo,1376.0,AML,Extremo,Extremo,-0.447305158604365,0.0,-0.3467459673898296,1.1062449487190489,0.2655219637922215,1.461254238582776
BRA1,2024,388685.0,Gabriel Veron,Cruzeiro,1752.0,FWR,Extremo,Extremo,-1.393640813565424,0.0,-1.580599810038373,-0.6113638616895699,-1.3234703739183495,0.2761291953001084
BRA1,2024,397587.0,Luiz Henrique,Botafogo RJ,2786.0,AMR,Extremo,Extremo,0.3714609306496979,0.0,0.2780040819083872,0.5665184366368522,0.7882235434536264,0.3070421750987464
BRA1,2024,397851.0,Wesley,Internacional,2748.0,AML,Extremo,Extremo,1.011575161598509,0.0,1.3643759820376118,0.0781015898624035,0.332356667717226,2.301589452374217
BRA1,2024,402835.0,Marcelinho,Juventude,1230.0,AML,Extremo,Extremo,-1.6878176874848587,0.0,-0.7606051716113562,-0.8172776960178944,-1.715486521945255,-0.594011356582142
BRA1,2024,402981.0,Wellington Rato,Sao Paulo,1217.0,AMR,Extremo,Extremo,-0.0027831432150633,0.0,-0.76581676528165,-0.8243497326467276,0.4087976495539413,-1.167135854835581
BRA1,2024,406285.0,Breno Lopes,Fortaleza,2095.0,AML,Extremo,Extremo,-0.9973337418454408,0.0,0.5363096547010061,-1.0199610245574695,-0.7396076679115566,-0.2747101807885636
BRA1,2024,410684.0,Julimar,Athletico Paranaense,1856.0,AML,Extremo,Extremo,-0.6533696539985248,0.0,2.405181901094544,-0.9243488793912122,-0.0154919070341159,1.4998505571667249
BRA1,2024,416802.0,Biel,Bahia,1037.0,FWL,Extremo,Extremo,0.1703435998517463,0.0,-0.8677370903221434,0.2782098472939833,-0.8037681022935468,0.1924458864406584
BRA1,2024,416895.0,Adson,Vasco da Gama,1356.0,AMR,Extremo,Extremo,0.7066788234445179,0.0,0.6325037882632176,1.2908228985692702,1.0009558610783784,-0.1386982331620616
BRA1,2024,419077.0,Marquinhos,Fluminense,1440.0,AMR,Extremo,Extremo,0.1076515883437942,0.0,-0.009092993541686,-1.1368586503452764,-0.1643535849617002,-1.167135854835581
BRA1,2024,424039.0,Jhon Arias,Fluminense,2688.0,AMR,Extremo,Extremo,0.6018583333260452,0.0,0.8597578112852985,0.1275203577211768,0.7289179517168974,1.58654825786649
BRA1,2024,436503.0,Lucas Barbosa,Juventude,2715.0,AMR,Extremo,Extremo,-0.1087959342701984,0.0,1.4752471918683498,0.0030071026368021,-0.2718759101492844,0.656041596610562
BRA1,2024,436639.0,Moisés,Fortaleza,1332.0,AML,Extremo,Extremo,-1.233574434744801,0.0,-0.8145145880848428,-0.5939909080772116,-0.8767692710822512,-0.0396318233127068
BRA1,2024,439650.0,Wesley,Corinthians,1637.0,AML,Extremo,Extremo,-0.506723874256502,0.0,-0.8387486839875555,-0.6398707345550574,-0.711275322457765,-0.3994890872352268
BRA1,2024,446364.0,Alejo Cruz,Atletico GO,2415.0,AML,Extremo,Extremo,-0.1202235541637104,0.0,-1.4013758740536932,-0.0006104106097353,0.5771663298747103,-1.167135854835581
BRA1,2024,468023.0,Erick Farias,Juventude,2340.0,AML,Extremo,Extremo,-1.3418338049852163,0.0,-1.0250185799018845,-1.0797638196139536,-1.3993124705324502,0.0378951414921627
BRA1,2024,472122.0,Rayan,Vasco da Gama,997.0,AMR,Extremo,Extremo,-0.7399143483435512,0.0,-0.6765311599027501,-1.010563793209544,-1.4854696733641668,-0.6137811650561932
BRA1,2024,478208.0,Gabriel Carvalho,Internacional,1453.0,AMR,Extremo,Extremo,0.5409857906791689,0.0,0.0350308676627713,0.526202160418102,0.8697240326461242,-0.2706373615772988
BRA1,2024,479727.0,Henry Mosquera,Red Bull Bragantino,2148.0,FWL,Extremo,Extremo,-0.5860555088380741,0.0,-0.6557651847221485,0.0134647211823522,-0.813915084019466,-1.0815221636949774
BRA1,2024,492869.0,Gustavo Nunes,Gremio,1387.0,AML,Extremo,Extremo,-0.3554526982129695,0.0,-1.204353893847807,-0.2745309021119723,-0.2458058399088252,-0.4710539550572199
BRA1,2024,510728.0,Estêvão,Palmeiras,2286.0,AMR,Extremo,Extremo,1.0586278684534742,0.0,1.9393927548498624,1.224762312215316,1.3665856641222385,1.4942664782898412
BRA1,2024,519613.0,Kevin Serna,Fluminense,960.0,AML,Extremo,Extremo,-0.4815816695046596,0.0,-1.1296734746472326,-0.8523583705636499,0.0265280987092555,0.397275988902407
BRA1,2024,16886.0,Hulk,Atletico MG,2096.0,FW,Atacante,Atacante,1.7626833168350025,0.0,1.3589499552555284,2.1464568588846387,3.338549516250368,-0.6022058883249095
BRA1,2024,69844.0,Yannick Bolasie,Criciuma,2620.0,FW,Atacante,Atacante,0.3594724804698185,0.0,1.3882242313481523,0.4549656636968208,1.4037937900771684,1.0464342005634784
BRA1,2024,73494.0,Martin Braithwaite,Gremio,1587.0,FW,Atacante,Atacante,-0.1848724620913042,0.0,0.3111036152976748,1.2143971360096657,2.8634031707394123,1.1356755580320363
BRA1,2024,83895.0,Enner Valencia,Internacional,1105.0,FW,Atacante,Atacante,-1.2898338283825523,0.0,-0.885939464541225,0.2421403657489633,-0.4894888162897552,-0.5811050003094022
BRA1,2024,92032.0,Eduardo Sasha,Red Bull Bragantino,2233.0,FW,Atacante,Atacante,2.238586252214322,0.0,0.6158314014114221,1.2050690252850793,0.6380498394184443,1.2460282829346654
BRA1,2024,101698.0,Gilberto,Juventude,1236.0,FW,Atacante,Atacante,-1.1774708715301605,0.0,-0.8849192497776894,-1.1787306265908224,-0.9673691219593076,-0.926867086288642
BRA1,2024,106118.0,Gonzalo Mastriani,Athletico Paranaense,999.0,FW,Atacante,Atacante,-0.2669851774361541,0.0,1.2225327250150904,-0.9114107358586968,-0.4773534559749242,1.127668902498041
BRA1,2024,107182.0,Pablo,Athletico Paranaense,1888.0,FW,Atacante,Atacante,0.8729907170595648,0.0,-0.1126151028714256,-0.2867702601072521,-0.5240758550050568,-1.0902588605629973
BRA1,2024,108660.0,Everaldo,Bahia,2226.0,FW,Atacante,Atacante,0.1704378047326034,0.0,-0.3712139768226014,-0.8190132290873723,-0.6515533678007568,0.6861358403169594
BRA1,2024,121496.0,Eduardo,Botafogo RJ,934.0,FW,Atacante,Atacante,0.027095093515317,0.0,-2.2018461051752203,-0.645586447218816,-0.8993089675555135,0.4678527642497802
BRA1,2024,130508.0,Arthur Caíke,Criciuma,1889.0,FW,Atacante,Atacante,1.0100958948530112,0.0,-0.2510015813947912,-1.3978503498053945,-0.5789447118584617,-0.7921049935747628
BRA1,2024,133445.0,Jonathan Calleri,Sao Paulo,2273.0,FW,Atacante,Atacante,-0.9727976026861388,0.0,-0.8188148313446274,0.1724800853054896,-0.1118328900035147,-0.2287971555614594
BRA1,2024,135641.0,Deyverson,Cuiaba,1412.0,FW,Atacante,Atacante,-0.8048877548308011,0.0,-1.316008274956208,-1.0695650629053606,-0.6590820011256868,0.2151721457625339
BRA1,2024,145777.0,Rafael Borré,Internacional,2049.0,FW,Atacante,Atacante,-0.6823473629550761,0.0,0.623930917728566,1.261512922833231,-0.055734348810936,1.5878089342539548
BRA1,2024,228061.0,Ángel Romero,Corinthians,1636.0,FW,Atacante,Atacante,1.4778730843320738,0.0,0.6807463897254359,0.7144101957067635,1.207391318580687,1.3276652228284904
BRA1,2024,296479.0,Renato Kayzer,Fortaleza,1369.0,FW,Atacante,Atacante,-0.435992447860874,0.0,0.9007130135430116,-0.2114888572924326,-0.3795691278523965,-0.8298285379065785
BRA1,2024,298449.0,Thaciano,Bahia,2517.0,FW,Atacante,Atacante,0.2858768495807244,0.0,-0.4211780738336317,-0.2947512112352319,-0.6731654441433659,0.0150243502246167
BRA1,2024,303689.0,Pablo Vegetti,Vasco da Gama,3338.0,FW,Atacante,Atacante,-0.4262498385933435,0.0,2.474089068008999,-0.6385275693289818,-1.0919265973013188,1.2609012816579528
BRA1,2024,303995.0,Juan Lucero,Fortaleza,2478.0,FW,Atacante,Atacante,-0.0449189523020029,0.0,-1.0306429200993616,-0.0826108843360337,-0.3974737135935232,-0.0568411454423104
BRA1,2024,315587.0,Lucas Di Yorio,Athletico Paranaense,931.0,FW,Atacante,Atacante,-1.4742742188236952,0.0,-0.4589418475213997,-0.5384040822019872,-0.1606962198331299,0.7789549738255122
BRA1,2024,318475.0,Pedro,Flamengo,1857.0,FW,Atacante,Atacante,-0.0457654530094071,0.0,-0.774504602784557,0.2310730269690761,0.1870954935798266,0.9764491784554082
BRA1,2024,322788.0,Tiquinho Soares,Botafogo RJ,1525.0,FW,Atacante,Atacante,0.5504086547641074,0.0,-0.8191760755403188,-0.365223986057354,0.3736849539260105,-1.1549296227314425
BRA1,2024,339845.0,Paulinho,Atletico MG,2208.0,FW,Atacante,Atacante,0.7513867187465987,0.0,-0.4961800164223748,2.0813357729262383,1.6498634448412586,0.3358106701858745
BRA1,2024,348261.0,Yuri Alberto,Corinthians,2487.0,FW,Atacante,Atacante,-0.8319587859692118,0.0,0.8707315132485912,0.3867880588115847,-0.2266700933539041,2.4785394616858394
BRA1,2024,351703.0,André Silva,Sao Paulo,1763.0,FW,Atacante,Atacante,-1.2036748918057878,0.0,-0.566660425594431,-0.8715065842381575,-0.4722979367222741,0.2444078623154688
BRA1,2024,355714.0,Alerrandro,Vitoria,2617.0,FW,Atacante,Atacante,1.118033342895436,0.0,-0.340511108595409,0.5278095668295155,1.1870823848515697,0.3762969036647209
BRA1,2024,357902.0,Gabriel Taliari,Juventude,1046.0,FW,Atacante,Atacante,-0.196812406517192,0.0,-0.2491477589571247,-1.5003653968063946,-1.2521371063874411,-0.5882029229882968
BRA1,2024,363104.0,Rony,Palmeiras,1972.0,FW,Atacante,Atacante,0.1552934145348955,0.0,-0.2666653305649633,0.0162499959200853,0.0761155297318958,-0.7496419167512542
BRA1,2024,363561.0,Jan Hurtado,Atletico GO,968.0,FW,Atacante,Atacante,-1.1102122908912568,0.0,-0.6963233712854058,-1.5003653968063946,-0.8854628782957558,-0.9804653026586088
BRA1,2024,363936.0,Kaio Jorge,Cruzeiro,1307.0,FW,Atacante,Atacante,0.0293342330019814,0.0,0.806480065868564,0.0447047550533089,0.1193480744793288,-0.4482559284815408
BRA1,2024,373531.0,Júnior Santos,Botafogo RJ,1665.0,FW,Atacante,Atacante,0.1070954556370778,0.0,0.5298851073449224,0.7619272657340012,1.462705987017311,-0.4959473955373697
BRA1,2024,397497.0,Igor Jesus,Botafogo RJ,1634.0,FW,Atacante,Atacante,1.666259326712358,0.0,2.4074935773764,0.0384471686467075,0.3066610270231197,0.1233527915824646
BRA1,2024,397899.0,Germán Cano,Fluminense,1809.0,FW,Atacante,Atacante,-1.0053866597090546,0.0,-1.1283825175197857,-1.0698262721087388,-1.5357033837366008,-0.6845439674701008
BRA1,2024,407306.0,Derik Lacerda,Cuiaba,1577.0,FW,Atacante,Atacante,-0.7276904347853691,0.0,-0.8096778984929593,0.0999962825738268,-0.0251932549744797,-0.4390977719122981
BRA1,2024,408110.0,José López,Palmeiras,2400.0,FW,Atacante,Atacante,0.0519325907324554,0.0,0.6165931010541537,-1.5003653968063946,0.0404314578561761,0.1450280821218272
BRA1,2024,436763.0,Isidro Pitta,Cuiaba,3238.0,FW,Atacante,Atacante,-0.7896491747084723,0.0,0.2731700715846964,1.1005808976760216,0.1411128689002968,-1.1923186363978993
BRA1,2024,438312.0,Cadu,Atletico MG,1131.0,FW,Atacante,Atacante,-1.5855349769531226,0.0,-1.4245256913693034,-1.5003653968063946,-1.231217944512668,-0.0952394174730425
BRA1,2024,446066.0,Lautaro Díaz,Cruzeiro,1072.0,FW,Atacante,Atacante,-0.4049709926788157,0.0,-0.8835290317685822,1.2804166251322182,-0.2143960410872349,-1.3472659995689156
BRA1,2024,460759.0,Thiago Borbas,Red Bull Bragantino,1088.0,FW,Atacante,Atacante,-0.61025826049822,0.0,-1.274849643836542,-0.830048131238737,-1.1511899004543464,-1.5088259932288175
BRA1,2024,472422.0,Janderson,Vitoria,1589.0,FW,Atacante,Atacante,1.077725715149334,0.0,0.8070304773724012,1.1051600498788203,0.1514592571491408,-1.043002176887632
BRA1,2024,474116.0,Emiliano Rodríguez,Atletico GO,1243.0,FW,Atacante,Atacante,-1.0781395773744673,0.0,1.1880728807509904,-1.0654392260162011,-0.4520813209961872,-2.0489716806147187
BRA1,2024,477777.0,Luciano Rodríguez,Bahia,1038.0,FW,Atacante,Atacante,1.5235909647833117,0.0,0.9222092592065196,0.4415807408080175,0.4355223578050473,1.5065399084608149
BRA1,2024,478297.0,Kauã Elias,Fluminense,1662.0,FW,Atacante,Atacante,2.374320750600204,0.0,0.4436236074234478,1.83395859174013,0.3644148170159141,1.4728562005185974
BRA1,2024,523263.0,Derek,Atletico GO,1125.0,FW,Atacante,Atacante,-0.2598082387576926,0.0,0.0418439225053858,0.9167540506829436,-0.3827607896144407,-0.6698861154660327
