Liga,Temporada,player_id,Atleta,Clube,Minutos,most_played_position,função,Posição,xG (pFinalização),xG_xA_touches,possession_won_opponent_possession,high_turnovers_low_reception,xG Chain (pPosse),carries_xt_reception,passes_xT_reception
BRA1,2024,14058.0,Dimitri Payet,Vasco da Gama,1348.0,AMC,Meio Campo,Meia,-0.0745731990186845,-0.0564768629641085,-1.523214648827578,-0.6304124125140925,-0.2780668698911657,-0.1569170459589493,1.6460508278660404
BRA1,2024,14195.0,Nenê,Juventude,1657.0,AMC,Meio Campo,Meia,0.2058955149256278,1.075623895317259,-1.7213494142191663,-2.013725942988056,0.5159180941226409,0.3907789160177836,1.3426104312448384
BRA1,2024,17476.0,Zé Rafael,Palmeiras,1117.0,DMC,Meio Campo,Primeiro Volante,-0.6583306036382417,-0.1707836517379063,0.9706103309342106,1.2145891944831235,1.464317155240768,0.54335577904242,-0.2866406578006223
BRA1,2024,19119.0,Fernandinho,Athletico Paranaense,1746.0,DMC,Meio Campo,Primeiro Volante,-0.5242602479984279,-0.2260888735529561,0.801121145724715,0.5959742621471232,1.1063078895873488,0.7235227991184741,1.3708487585008162
BRA1,2024,31958.0,Fernando,Internacional,1736.0,DMC,Meio Campo,Primeiro Volante,-0.484579959744554,-0.9483711788220536,2.606469679674151,1.449820757345284,-1.1242854216601004,-0.4080059661339353,-0.7673158379058007
BRA1,2024,35237.0,Eduardo Vargas,Atletico MG,1005.0,AMC,Meio Campo,Meia,2.9522459222564468,4.061579067367559,-1.1148254129408797,-0.8445603361494688,2.6751633933639622,0.8089001392193759,-0.4473630114601322
BRA1,2024,40237.0,Ganso,Fluminense,2432.0,AMC,Meio Campo,Meia,-0.0259262069090604,-0.3337622490375457,-0.6219212376237818,0.182982027564778,-0.2407707713746957,-0.7752939546665759,0.7447566849222559
BRA1,2024,43369.0,Luiz Gustavo,Sao Paulo,2409.0,DMC,Meio Campo,Primeiro Volante,0.3391547799214744,-0.7188710942709746,1.063899960171914,1.1743714052111438,-1.095017411915756,-0.3850706511138514,-0.7404733310486734
BRA1,2024,74571.0,Alan Patrick,Internacional,1979.0,AMC,Meio Campo,Meia,0.5077005928901582,1.3818131441935253,-0.8707002808535214,0.3698153866174362,1.3031244441787426,0.0887942294808929,2.4533345550640777
BRA1,2024,75971.0,Marquinhos Gabriel,Criciuma,1170.0,AMC,Meio Campo,Meia,-1.0386212164532866,-0.362843787033431,-0.8541925608778576,-1.933606620267504,0.9198448608530544,1.5692348258108335,-0.0559536486063708
BRA1,2024,81716.0,Osvaldo,Vitoria,1154.0,ML,Meio Campo,Segundo Volante,1.3707353950843415,1.135953266337117,-1.7323422930888184,-2.208212121784297,0.7659715422724621,1.522965882665851,-0.3308310487401832
BRA1,2024,101395.0,Igor Coronado,Corinthians,1603.0,AMC,Meio Campo,Meia,-0.6442529542603295,0.3245055010504991,-0.7469225280172427,-0.9895067827498308,-0.3690922072884066,1.6675875882171272,0.701528351354966
BRA1,2024,101467.0,Éverton Ribeiro,Bahia,2900.0,MC,Meio Campo,Segundo Volante,-0.3621408516302785,-0.3273458156241853,0.2288344543887843,0.3462716271836045,0.3684028887339005,0.6419968928563354,1.1072751815941246
BRA1,2024,101642.0,Bernard,Atletico MG,1063.0,AMC,Meio Campo,Meia,-0.1981208417587036,0.1930951167503984,-0.6499368260074986,-0.8779261421729135,0.294407357646429,0.631651447279258,2.510118273144788
BRA1,2024,102256.0,Edenílson,Gremio,1507.0,AMC,Meio Campo,Meia,0.2968638643264927,0.588445296283837,-0.8177718124645583,-1.2258587057912602,0.1614245390629231,-0.203589482633788,0.1154490751252669
BRA1,2024,114095.0,Gabriel,Athletico Paranaense,1588.0,DMC,Meio Campo,Primeiro Volante,-0.9095637812425028,-1.0127122292032356,1.956696587118543,0.9395032843841288,-0.3844051831277417,-0.7450089988075306,-0.2167531935276424
BRA1,2024,114096.0,Jádson,Juventude,3191.0,DMC,Meio Campo,Primeiro Volante,-0.5748490930350402,-0.6253482882837607,1.0188278076367772,-0.0615021493573734,-0.130989294907772,-0.8074228885298751,-0.391797342769241
BRA1,2024,115098.0,Lucas Silva,Cruzeiro,2187.0,MC,Meio Campo,Segundo Volante,-0.3792468558846769,-0.4935362149140171,-0.8761097047649897,0.8610064016180842,-0.0276953102070026,-0.1748177761076862,0.3372599952009474
BRA1,2024,117055.0,Erick Pulgar,Flamengo,1954.0,DMC,Meio Campo,Primeiro Volante,-0.3697878836374232,-0.5923816293570462,1.409432209211689,0.3976853388862892,-0.0726637701408917,-1.048174211862283,0.2358910613045624
BRA1,2024,121009.0,Luciano,Sao Paulo,2522.0,AMC,Meio Campo,Meia,1.2379600259636492,1.9006016133275472,-0.5859153190336021,-0.1603042018747013,1.1749847797771735,-0.1142120735325161,0.480845094784703
BRA1,2024,121771.0,Filipe Augusto,Cuiaba,945.0,MC,Meio Campo,Segundo Volante,-0.8574097680341647,-1.0387454701355636,-1.150566798750582,0.3693308950837559,-1.0847726690438635,-1.2258385016318147,-0.9720743856102566
BRA1,2024,125297.0,Lucas Romero,Cruzeiro,2759.0,MC,Meio Campo,Segundo Volante,-0.9629116123323568,-0.8905278855627561,0.5001821856144747,0.3308999524699105,-0.523063280217919,-0.6444434330398696,-0.120409900508449
BRA1,2024,128627.0,Giorgian de Arrascaeta,Flamengo,1134.0,AMC,Meio Campo,Meia,1.544536478775744,1.7343594247883,-0.4753506592642614,-0.8028117047592678,1.103387225584428,0.5549411654509699,2.664557741745944
BRA1,2024,130449.0,Alisson,Sao Paulo,1780.0,DMC,Meio Campo,Primeiro Volante,-0.6913288982897611,-1.026691320874274,1.1812361231439998,1.2035117036773102,-1.2217663483705317,-0.4864162773634585,-0.3242218513281306
BRA1,2024,130887.0,Willian Oliveira,Vitoria,2983.0,MC,Meio Campo,Segundo Volante,0.6824241089724025,0.2123738447121416,-0.4382869092198346,0.0210487033029977,-0.001587396759816,-0.888914271333553,-0.7614183461869665
BRA1,2024,131057.0,Ramiro,Cruzeiro,1611.0,MC,Meio Campo,Segundo Volante,-0.6429732387912745,-0.5269705475836529,-0.3047897917397505,0.1762919148731921,-1.180459429478621,-1.2818243644381249,-0.2386282695450658
BRA1,2024,131079.0,Lucas Evangelista,Red Bull Bragantino,2818.0,DMC,Meio Campo,Primeiro Volante,0.0628777790469402,-0.1295850358752475,-0.2194867729292382,0.0878422686627022,0.3210108192185459,-0.2573982240519418,-0.1358669094909426
BRA1,2024,132282.0,Bruno Henrique,Internacional,2112.0,DMC,Meio Campo,Primeiro Volante,0.9548637794178246,0.7582985691614287,-0.5570863207667878,-0.2088080956282954,0.565100664302485,-0.4982741987275933,0.6056470484585933
BRA1,2024,142436.0,Pablo Galdames,Vasco da Gama,1242.0,MC,Meio Campo,Segundo Volante,-1.3068725671340713,-0.8889105083283853,-0.291298733065428,-0.1185866396314302,0.3383921140229545,-0.5190558237833272,-0.0317366874593972
BRA1,2024,146672.0,Zé Welison,Fortaleza,1014.0,DMC,Meio Campo,Primeiro Volante,-1.5085035753984848,-1.160951246061834,0.2828167668517055,0.5628098611339539,-1.4774048167640628,-1.101348269920815,-0.9683067343414512
BRA1,2024,146764.0,Otávio,Atletico MG,2161.0,MC,Meio Campo,Segundo Volante,-1.2445042925915446,-1.1274493386891358,1.4713201915662162,0.863675068550488,-0.6396376332688751,-0.889668956117636,-0.3414962480924152
BRA1,2024,149572.0,Franco Cristaldo,Gremio,2355.0,AMC,Meio Campo,Meia,0.8824138264168334,1.3091266604593497,-1.0566493715081076,-0.581419619564735,1.2619046055188887,0.0527777655298081,2.6691706963570403
BRA1,2024,149738.0,Gustavo Scarpa,Atletico MG,2525.0,DMR,Meio Campo,Primeiro Volante,-0.2779314313280504,0.5288678730517913,0.3054558021329534,0.2126894085151984,-0.4390878062956624,0.5098928162913267,0.8964571632349706
BRA1,2024,241822.0,Guilherme Arana,Atletico MG,1481.0,ML,Meio Campo,Segundo Volante,-0.8153396226753965,-0.6581585338918573,1.3847434744281075,0.989276797198738,-0.4761919562209161,-0.0287030304948042,0.3265382021363706
BRA1,2024,241825.0,Barreto,Criciuma,2526.0,MC,Meio Campo,Segundo Volante,1.6298601181565175,0.5245641588959332,-0.0802540240552132,0.7755822300714146,-0.3423688964722325,-0.0829226190664398,-1.0254017157850066
BRA1,2024,248121.0,Thiago Maia,Internacional,2078.0,DMC,Meio Campo,Primeiro Volante,0.7380270888046849,-0.251932885844176,0.7885155709951177,1.0144847637977776,0.201674682113418,-0.6941546201307677,0.5252890516969542
BRA1,2024,253963.0,Dodi,Gremio,2622.0,DMC,Meio Campo,Primeiro Volante,-0.47850812549795,-0.6352564321477043,0.968906382095284,0.7818416535178334,0.4038642915858177,0.3538718899986425,-1.7250878868126645
BRA1,2024,277351.0,Emmanuel Martínez,Fortaleza,1135.0,MC,Meio Campo,Segundo Volante,0.996455925602617,0.0599122043417942,0.3042714783994285,0.3624859532625613,0.8724299838888567,0.0983713912259769,0.0873750316957677
BRA1,2024,279478.0,Lincoln,Red Bull Bragantino,1694.0,AMC,Meio Campo,Meia,0.2106341393303612,0.77894674797025,-0.8719009780502391,0.0367075269742855,2.3604607332117253,0.4689787570654344,1.112047511033656
BRA1,2024,280693.0,Matheuzinho,Vitoria,2758.0,MR,Meio Campo,Segundo Volante,0.6516029215873964,0.846839438360037,-0.7192708575236305,-0.3674153010589533,0.2256229937502976,1.3099629703030216,-0.4785877841986026
BRA1,2024,281935.0,Allano,Criciuma,1456.0,MR,Meio Campo,Segundo Volante,1.9809063070769624,1.0710669215306736,-1.0820108276297054,-0.4334129152586254,0.794009681016028,2.3069820442273192,-0.9723548545220476
BRA1,2024,294056.0,Danilo Barbosa,Botafogo RJ,1298.0,DMC,Meio Campo,Primeiro Volante,1.4806779467924154,-0.0964471556203523,0.7815627043064729,-0.7924526456802584,0.6594907023151828,-0.7570497232967764,-0.6928458592563084
BRA1,2024,295838.0,Allan,Flamengo,1568.0,DMC,Meio Campo,Primeiro Volante,-1.0552024740975865,-1.0008309715163937,-0.2106550960681569,1.2342636088430563,-0.4980561815493343,-0.0288257956829675,-0.4094170126962324
BRA1,2024,297389.0,Matheus Pereira,Cruzeiro,3132.0,AMC,Meio Campo,Meia,0.9114703138603456,1.1193115475836226,-1.1410810968369816,-1.9573191663722551,0.7261279884819154,1.3570131030066834,1.5772460573441067
BRA1,2024,299394.0,Ronaldo,Juventude,1284.0,DMC,Meio Campo,Primeiro Volante,1.5793954100841234,-0.2307722820779036,1.2472940306672706,0.5426948441963254,-0.5388742314506302,-0.5183622306965185,-1.1435569568850883
BRA1,2024,299687.0,Tomás Pochettino,Fortaleza,1850.0,AMC,Meio Campo,Meia,0.4580767494070474,0.7963082887919878,-1.1940731719364353,-0.9123598820880524,1.1822814049706825,1.6417383962856265,1.0748555199022665
BRA1,2024,317677.0,Raphael Veiga,Palmeiras,2716.0,AMC,Meio Campo,Meia,1.3326102141006468,2.0998658500711054,-1.660010104551258,-0.026293083714384,1.1168518367450109,1.0224641538136263,1.280879985997566
BRA1,2024,317741.0,Lucas Fernandes,Cuiaba,1246.0,AMC,Meio Campo,Meia,-0.7071349526457362,-0.3516526757667534,-0.7156713366150107,1.3026458875893163,-1.0787680948653566,-0.0969953268780933,0.0177679913054119
BRA1,2024,317747.0,Lucas Kal,Atletico GO,1298.0,MC,Meio Campo,Segundo Volante,-0.902030889607808,-0.96037909076977,-0.1988134331321747,-0.2894961563024685,-0.7314087502248,-0.1818210548719532,-0.1904014046217551
BRA1,2024,318247.0,Matheusinho,Criciuma,1755.0,AMC,Meio Campo,Meia,1.626164589618891,1.7874363459272398,-0.7216516040216959,-1.6235125846101262,1.4341656477757996,-0.3479046578549787,0.7018710611199164
BRA1,2024,318252.0,Lucas Mineiro,Cuiaba,2700.0,MC,Meio Campo,Segundo Volante,-1.0115593518317736,-0.9846814522121612,-0.0881007051977837,0.4517714704636425,-1.127720960040839,-0.640647771555334,-0.8479096487535073
BRA1,2024,318676.0,Marlon Freitas,Botafogo RJ,2672.0,DMC,Meio Campo,Primeiro Volante,-0.1749047017459774,-0.4179692207963375,-0.3004076597947359,1.2081408552032522,0.2981926410572702,-0.1854643366843486,1.1152421853871677
BRA1,2024,319406.0,Matheus Rossetto,Fortaleza,1689.0,DMC,Meio Campo,Primeiro Volante,-1.6267645785310376,-1.2873401749348483,0.9197151091155212,1.4030379171691187,-1.183402965120872,-0.7446506679354461,-0.644016155173075
BRA1,2024,320349.0,Filipe Machado,Cruzeiro,1130.0,MC,Meio Campo,Segundo Volante,-0.6564058111264359,-0.5312463445545279,-0.994285107768336,0.7068967736334758,0.1666467045806822,-1.0015235235093545,0.0305549390233413
BRA1,2024,321846.0,Lima,Fluminense,2074.0,DMC,Meio Campo,Primeiro Volante,0.0494730558820079,-0.2406447729266214,1.0070291989661997,0.1593975490285814,-0.7064090930400979,0.035857186791026,-1.0554332998235394
BRA1,2024,326607.0,Lucas Sasha,Fortaleza,1362.0,DMC,Meio Campo,Primeiro Volante,-0.5707348598508725,-0.5217532608480455,0.7172506348838971,1.1128688485161549,0.6589727985254621,-0.4485165484475195,-1.0913857354215692
BRA1,2024,328510.0,Jean Carlos,Juventude,1170.0,AMC,Meio Campo,Meia,-0.4679974542254391,1.07117978129861,-1.525071705568253,-1.7809942971981787,1.4839151429040545,1.6394471405688351,0.91928856934743
BRA1,2024,332151.0,Matías Zaracho,Atletico MG,961.0,MC,Meio Campo,Segundo Volante,0.2519214293697187,-0.0900718620644385,-0.2754464688225398,-1.7348501146317974,-0.3199608647102991,-0.975769167548204,0.257057322640369
BRA1,2024,334972.0,Alan Franco,Atletico MG,1923.0,MC,Meio Campo,Segundo Volante,-0.6680800610401729,-0.4360436494868568,0.8102077088956275,0.6446088388335863,-0.0056693906185163,-1.428607932767196,0.6319796630779395
BRA1,2024,337817.0,Jefferson Savarino,Botafogo RJ,2234.0,AMC,Meio Campo,Meia,1.382643297625802,2.657389400484575,-1.9846415701691216,0.170627465525947,3.0338738360246595,2.035213244217908,3.2712212797574183
BRA1,2024,342058.0,Cauly,Bahia,2890.0,AMC,Meio Campo,Meia,0.1026613553866527,0.4389805169721315,-1.5660917011498512,-2.014122330322748,0.1360760452648447,1.099350009375363,1.6487011081286516
BRA1,2024,344723.0,Gonzalo Freitas,Atletico GO,943.0,DMC,Meio Campo,Primeiro Volante,-0.6786548813473993,-0.5100315421827968,-0.2485507014025728,0.7885603661036473,-1.0930549844362514,-1.499048631206635,-0.742071226104546
BRA1,2024,344767.0,Mathías Villasanti,Gremio,2622.0,DMC,Meio Campo,Primeiro Volante,0.2748214438648572,-0.3560131086570512,1.7763803332675674,0.6968499041457921,-0.968392997893291,-0.1251938465491916,-0.4470120818820676
BRA1,2024,345389.0,Nicolás de la Cruz,Flamengo,1122.0,DMC,Meio Campo,Primeiro Volante,-0.7476792847762348,0.1218490226418239,0.1084766309646852,0.6250685215542517,0.3995005964382121,0.8101401469148731,1.7308289156128625
BRA1,2024,348667.0,Matheus Henrique,Cruzeiro,1364.0,MC,Meio Campo,Segundo Volante,0.5378454726877497,0.0817072822618157,0.7512242527324167,0.6238550917546115,-0.7037724464525872,0.9083793393783446,-0.1000890927303416
BRA1,2024,349214.0,Igor Gomes,Atletico MG,1561.0,MC,Meio Campo,Segundo Volante,0.5130999958447495,0.1028064879629298,-0.2322744378632039,-1.0079863277131689,0.4691834859598078,-0.2449043724381352,0.9555276943732018
BRA1,2024,349707.0,Matheus Fernandes,Red Bull Bragantino,928.0,DMC,Meio Campo,Primeiro Volante,-0.3845410501700322,-0.1792677519038974,1.6760699036825413,-0.085249242287961,-0.4454955197846871,-0.285535934030548,-1.2023636543398435
BRA1,2024,352932.0,Ricardo Ryller,Vitoria,1149.0,MC,Meio Campo,Segundo Volante,-0.9647956326384312,-0.9075841531378502,-0.3548050193566935,-0.3083904667919089,-1.3529039993670442,-0.9424642564016534,-0.6855054730634016
BRA1,2024,355659.0,Jean Lucas,Bahia,3157.0,MC,Meio Campo,Segundo Volante,0.2148592321776768,0.3968365835526963,0.0242504113909628,-1.359992497684076,0.7926601024277412,0.2973349355601148,-0.0077426142976149
BRA1,2024,355710.0,Gregore,Botafogo RJ,2512.0,DMC,Meio Campo,Primeiro Volante,2.428760022912526,-0.6691386524296754,3.466645495442859,1.3478737490625516,-0.0575224229842653,-0.5794973413099888,-0.6572721827083733
BRA1,2024,358737.0,Raul,Red Bull Bragantino,1480.0,MC,Meio Campo,Segundo Volante,0.3857810969902331,-0.21068846514765,0.2913141684458199,-0.0610587047189325,-0.5424478820066025,-0.9873617429818604,-0.1620246625467082
BRA1,2024,360288.0,Luan Silva,Vitoria,1743.0,DMC,Meio Campo,Primeiro Volante,-1.0596942008894337,-1.0184929876154118,-0.7130738159229874,1.1310009700656485,-1.4439637681585922,-1.2263893287092982,-1.0525136527812955
BRA1,2024,363107.0,Álvaro Barreal,Cruzeiro,1654.0,MC,Meio Campo,Segundo Volante,-0.1361990754549685,0.1752412605459823,-0.7741660847587782,-0.9763268354682488,-0.1893490898100587,-0.0147055477117823,0.0747971765054358
BRA1,2024,363129.0,Eric Ramires,Red Bull Bragantino,1243.0,MC,Meio Campo,Segundo Volante,0.6857550482009969,0.1621607072676411,-0.6799333375795344,-1.492757647766816,-1.0951291818378914,-0.3074713147015625,-0.8449679933446541
BRA1,2024,365617.0,Pepê,Gremio,1423.0,DMC,Meio Campo,Primeiro Volante,-0.6196385558960408,-0.8359372670888243,0.5688245001119024,1.0568609899602472,-1.0816887201400949,-0.1452654784717836,-0.9181109908500714
BRA1,2024,366428.0,Fausto Vera,Corinthians,2175.0,MC,Meio Campo,Segundo Volante,1.5356501748297375,-0.0504035480853242,0.2405570685141893,0.8612613597321469,-0.0687613080395272,-0.8188855242611194,-0.4981094765440083
BRA1,2024,366498.0,Jadsom,Red Bull Bragantino,1848.0,MC,Meio Campo,Segundo Volante,-0.9583362719432446,-0.8244953595043284,-0.1539977684169131,-0.801845615980463,-0.3359603867487308,-1.0989877378093404,-0.2865923617024781
BRA1,2024,370389.0,Aníbal Moreno,Palmeiras,2794.0,DMC,Meio Campo,Primeiro Volante,-1.025022825031029,-0.9258064960105408,1.4143399460365476,0.5256052441072866,-0.5356933663325713,-0.656776643250539,-0.2448948032503272
BRA1,2024,373449.0,Hugo Moura,Vasco da Gama,2305.0,DMC,Meio Campo,Primeiro Volante,0.303029837434132,-0.0862956658087392,0.2172310161086472,1.3223691141564708,-0.3160707367574913,-0.4441560861203326,-0.8312089223745716
BRA1,2024,373502.0,Fernando Sobral,Cuiaba,2232.0,MC,Meio Campo,Segundo Volante,-0.943072721706946,-0.6189031125362207,0.4027090325993546,-0.2157640796140642,-0.9345560022969748,-0.1693888217833961,-0.6098039062592484
BRA1,2024,373515.0,Erick,Athletico Paranaense,2848.0,DMC,Meio Campo,Primeiro Volante,1.018288797379983,0.7738229650675024,0.5822312279579956,0.5281826102220084,1.450287440303168,-0.6117545736083607,-0.5209960076277935
BRA1,2024,376914.0,Maurício,Internacional,1674.0,AMC,Meio Campo,Meia,2.168360545839145,1.7603020914912413,-1.0050447922551018,0.0511755473220667,0.807480844630902,0.7240279818298824,1.7373868037765796
BRA1,2024,378823.0,Rômulo,Internacional,1997.0,DMC,Meio Campo,Primeiro Volante,-1.1778698483705272,-1.081426329199268,1.098445869108294,0.5724308988511848,-0.8997931837011202,-0.9674848924065876,-0.7742405182253578
BRA1,2024,380894.0,Pedro Augusto,Fortaleza,1361.0,DMC,Meio Campo,Primeiro Volante,-1.1402674672705349,-1.11617033367373,1.5354959701792283,0.3292116833904838,-1.2695804939519877,-1.315072860975709,-1.3539036865992866
BRA1,2024,383781.0,Marcos Antônio,Sao Paulo,917.0,DMC,Meio Campo,Primeiro Volante,-1.6735403799146311,-1.0356240938111592,-0.2074382422563344,1.3890751416051696,-0.8278733153208999,-0.3280061270848231,-0.2939642829175485
BRA1,2024,388735.0,Caio Alexandre,Bahia,2974.0,DMC,Meio Campo,Primeiro Volante,-0.9882692552391767,-1.0098084860993295,-0.0862049422760927,1.428386332391341,-0.8887691591061467,0.5632514136305261,-0.1857409591045536
BRA1,2024,389163.0,Rodrigo Nestor,Sao Paulo,1175.0,AMC,Meio Campo,Meia,0.4255106458709219,0.4751609741031555,-0.5351948179247916,0.7291808871702589,-0.5166613588781231,1.3174795478482693,0.5466317582325847
BRA1,2024,397491.0,Christian,Athletico Paranaense,1652.0,AMC,Meio Campo,Meia,0.7822272776652275,0.7854856507853772,-0.728303611906814,0.301868987587746,0.4763388448586061,-0.2418636016308724,0.6978603051221338
BRA1,2024,397585.0,André,Fluminense,1199.0,DMC,Meio Campo,Primeiro Volante,-1.6799176662371742,-1.3047971526316346,1.8826844787675443,0.5869865180108513,-1.207376592905731,-0.6995706373129714,-1.3704845680137685
BRA1,2024,397847.0,Gabriel Menino,Palmeiras,1227.0,DMC,Meio Campo,Primeiro Volante,-0.2286883195755607,0.0844369359899629,-0.8259025390836245,0.2015348622690053,0.2277443734687077,-0.1164388774305607,1.3021475176481256
BRA1,2024,397897.0,Ronald,Criciuma,1699.0,MC,Meio Campo,Segundo Volante,-0.9646954020336362,-0.6842741718534199,-0.1342310285514495,0.2364473663514199,-0.8265330150482385,0.7857683779670314,-0.7799369477906467
BRA1,2024,397965.0,Roni,Atletico GO,1616.0,DMC,Meio Campo,Primeiro Volante,-0.143192739031562,-0.4547753321619537,0.4383333133551736,0.3308919352314022,-0.9697060021222444,-1.2470939030005035,-0.2246449360512879
BRA1,2024,401192.0,Martinelli,Fluminense,2909.0,DMC,Meio Campo,Primeiro Volante,-0.2851019626322713,-0.9653415135052184,0.6271379247281414,0.8149674006736219,-1.0242441820314394,-0.5040745930291712,-1.0215596969104173
BRA1,2024,402213.0,Richard Ríos,Palmeiras,1909.0,DMC,Meio Campo,Primeiro Volante,-0.5999254353800506,-0.5186043279216839,1.671975539504925,0.4642328145057788,-0.2625534954457316,-0.0544377172572279,-0.4986905244380555
BRA1,2024,404487.0,Gabriel Baralhas,Atletico GO,2734.0,MC,Meio Campo,Segundo Volante,-0.1828459542546745,-0.2481247799478273,0.613719557433992,0.3852871261380006,-0.3796761993131779,-0.7386343404315429,-0.2501228460527977
BRA1,2024,405839.0,Juan Sforza,Vasco da Gama,1449.0,DMC,Meio Campo,Primeiro Volante,-0.8482643834414507,-1.083443391996021,-0.4288124406421135,0.1427767759764887,-1.2612852863402486,-0.7126160674347969,-0.679530517045538
BRA1,2024,407747.0,Rubens,Atletico MG,1404.0,DML,Meio Campo,Primeiro Volante,1.3219913692463885,0.0390293038082905,0.5766558832201938,-1.760428691634356,0.429376299923785,-0.4955912000504521,-0.3038450636380013
BRA1,2024,416897.0,Mandaca,Juventude,1320.0,AMC,Meio Campo,Meia,1.8037594250298283,2.732834871720447,-1.4409372299959622,-1.2447973512130948,1.8278783727532224,1.8901882732417448,-0.2920752995051047
BRA1,2024,417706.0,Max,Cuiaba,1407.0,MC,Meio Campo,Segundo Volante,-0.412170225669586,-0.2570991938388853,-0.4778659117554534,-0.4827958850140972,-0.0719803200520032,-0.4000883833651832,0.5746058992956566
BRA1,2024,420319.0,Raniele,Corinthians,2563.0,DMC,Meio Campo,Primeiro Volante,-0.5320724424488864,-0.4596773648741977,0.4542883279730736,-0.3909196518571546,-0.6893001995550352,-0.805656136204725,-0.8636873810832643
BRA1,2024,429475.0,Jhon Jhon,Palmeiras,1433.0,AMC,Meio Campo,Meia,1.4917587619719064,1.9440565767196312,-0.5907649056707694,-1.031313757717118,3.2999415931728,1.983635131458708,0.8444335048927579
BRA1,2024,432685.0,Rodrigo Garro,Corinthians,3375.0,AMC,Meio Campo,Meia,1.4067822293960337,0.7505858478281702,-0.5862787578095031,-2.356494685359056,0.3253832067939973,0.3930469522179311,1.5507281169473748
BRA1,2024,436640.0,Hércules,Fortaleza,2567.0,DMC,Meio Campo,Primeiro Volante,-0.607037966725612,-0.3186826270703564,-0.4746985522794501,0.661878071077659,-0.7050647743552753,0.3094406269816544,0.084608784844453
BRA1,2024,436657.0,Agustín Canobbio,Athletico Paranaense,1340.0,AMC,Meio Campo,Meia,1.5603068899482977,1.7593386004399802,-0.3823450434560754,-1.6105007029012817,1.2880190826421851,3.446896281640249,0.2294556956622579
BRA1,2024,441410.0,Breno Bidon,Corinthians,1990.0,MC,Meio Campo,Segundo Volante,0.305946373370324,-0.5045123337274847,0.2649949562987646,0.427151221549211,-0.1901659686404418,-0.2593723657208077,-0.4670723176882961
BRA1,2024,442751.0,Rhaldney,Atletico GO,2350.0,MC,Meio Campo,Segundo Volante,-0.8231707548350201,-0.8410769672684284,0.1629323708409642,0.4757488261398488,-0.4476298311158423,0.0122246542247197,-0.227430521425269
BRA1,2024,443546.0,Alexsander,Fluminense,903.0,DMC,Meio Campo,Primeiro Volante,-0.6615250969616131,-0.8344150282539681,0.2512599522099088,0.507016010847373,-0.303964327576216,-0.2862409681396348,-1.321868307705215
BRA1,2024,444815.0,Denilson,Cuiaba,2320.0,MC,Meio Campo,Segundo Volante,-0.7961939911897187,-0.5409031567009185,-0.2304541664482826,0.1739626360897458,-0.6772277717609202,-0.3877647136768545,-0.22091416509757
BRA1,2024,445346.0,Brahian Palacios,Atletico MG,978.0,DMR,Meio Campo,Primeiro Volante,0.5425515869867855,0.7314948455097531,-0.6290200286817538,-0.6782778556063235,1.9871898870970817,3.4548853179404566,-0.7132272430516962
BRA1,2024,445709.0,Damián Bobadilla,Sao Paulo,1173.0,DMC,Meio Campo,Primeiro Volante,-0.3031005024128615,-0.4414323746975742,0.5762876710498129,1.456923944143978,-1.553691521587624,-1.1852685511345402,-0.0985150495667196
BRA1,2024,462994.0,Bruno Zapelli,Athletico Paranaense,1581.0,AMC,Meio Campo,Meia,0.969769368630488,1.7935403202998668,-1.0004904141438224,0.0029347789654338,1.913685085019449,0.924787584959328,1.925696112969445
BRA1,2024,469349.0,Miguel Monsalve,Gremio,1072.0,AMC,Meio Campo,Meia,2.8525770897816045,2.7712805034734806,-1.7855177693994817,-1.3347480155761404,1.8982549856831503,2.3154500040774635,-0.2540331635788804
BRA1,2024,470938.0,Evertton Araújo,Flamengo,918.0,DMC,Meio Campo,Primeiro Volante,-0.1422306373999797,-0.5749390238872744,1.60024370074863,0.4202683643465884,-1.0176084517121202,-0.6152196870553965,-0.2106334737472077
BRA1,2024,471629.0,Newton,Criciuma,2567.0,MC,Meio Campo,Segundo Volante,-0.4872845821188518,-0.4108374994033572,-0.1291448579577252,-0.7474018524507898,-0.3374872443762651,-0.2561429792823482,-1.2932469801243551
BRA1,2024,471637.0,Gustavinho,Red Bull Bragantino,1093.0,MC,Meio Campo,Segundo Volante,-0.6092338870920297,0.4207302345275742,-1.1195031893914156,-2.728859056919537,-0.383724190061404,0.0004189218337939,0.968798008498346
BRA1,2024,475166.0,Alisson,Atletico MG,1010.0,DMR,Meio Campo,Primeiro Volante,0.2468711491034,1.4587556773013952,-0.4570709258312589,-2.184619925214952,-0.2190314296128403,2.662223335172196,-0.1702929963133235
BRA1,2024,478179.0,João Cruz,Athletico Paranaense,946.0,MC,Meio Campo,Segundo Volante,-0.8379419912375022,0.3035303089131503,-1.3441937427370554,-1.556880647168572,1.244727040268694,1.4098043295021618,0.9422983560438656
BRA1,2024,482037.0,Mateus Carvalho,Vasco da Gama,2427.0,DMC,Meio Campo,Primeiro Volante,-0.9262827810858724,-0.9901760040682897,1.1357406395637557,0.1957749355377932,-1.131143460569012,-1.1123814763833495,-0.5984396479243028
BRA1,2024,491556.0,Higor Meritão,Criciuma,1183.0,MC,Meio Campo,Segundo Volante,1.1326907675321605,-0.213667487640634,0.303848922340487,1.5095091324240617,0.1376649170301226,0.0947085414226156,-1.5635192454594005
BRA1,2024,512611.0,Facundo Bernal,Fluminense,1053.0,DMC,Meio Campo,Primeiro Volante,-0.6334028195768344,-0.845247785729309,-0.1345828739754341,-0.432285213786097,-0.6774855893947864,-1.4509540520672746,-0.230465526941872
BRA1,2024,513499.0,Fellipe Mateus,Criciuma,2075.0,ML,Meio Campo,Segundo Volante,-0.1284488336500086,-0.1783457182745544,-0.6320490948998124,-0.3309503028874977,-0.4525895239391346,-1.094639050423903,-0.4298925546539712
BRA1,2024,514437.0,Caíque,Juventude,1574.0,DMC,Meio Campo,Primeiro Volante,-1.4336762529963445,-1.2473280246757867,1.1679601706879057,1.3030518682317656,-1.1009079356385036,-0.5174153340262588,-1.438909122767549
BRA1,2024,517830.0,Felipinho,Athletico Paranaense,1034.0,DMC,Meio Campo,Primeiro Volante,-0.6313897110979219,-0.4437117581297484,1.803999880774524,1.4348247990726948,0.7685549594055867,-0.3835019091271976,-1.5742348924346916
BRA1,2024,518496.0,Léo Naldi,Vitoria,1260.0,MC,Meio Campo,Segundo Volante,-1.062519781658492,-0.9303971627194434,0.0483472365210207,-0.5283242664984579,-1.0807759633896654,-0.2728102484879794,-1.7014338132888516
BRA1,2024,92508.0,Lucas Moura,Sao Paulo,2491.0,AMR,Extremo,Extremo,0.1577569054578167,-0.879521689428761,0.9060107544292092,-2.0200478670120683,-1.0667997810806324,-0.5830842537072997,0.4282209811855273
BRA1,2024,93026.0,Felipe Anderson,Palmeiras,1446.0,AML,Extremo,Extremo,2.0683260910557006,0.2695178313997247,1.1311881316354937,0.3332785857992545,1.8168472461382827,-0.2923466891225999,0.4561540572418165
BRA1,2024,93064.0,Nikão,Athletico Paranaense,1776.0,AMR,Extremo,Extremo,-0.4397928326674326,-0.4030723986884597,-0.3947664224802686,0.2407521005264955,0.190834225444509,-1.7553328486492574,1.0134327435046693
BRA1,2024,236295.0,Cristian Pavón,Gremio,1187.0,AMR,Extremo,Extremo,-0.3346125746649686,-0.4040939008370783,-0.4082189614240922,-1.901750589420206,1.3762255848987253,-0.7218989533373231,1.256386718922029
BRA1,2024,242791.0,Gerson,Flamengo,2753.0,AMR,Extremo,Extremo,-1.0341177565429838,-1.3353552571553116,1.7855095653235322,1.1912428691879875,-0.449882957639004,-0.8260521926919862,1.1874025187785051
BRA1,2024,260689.0,Yeferson Soteldo,Gremio,1845.0,AML,Extremo,Extremo,-0.2785044279211028,0.067700613468377,-0.6645669169597026,-2.1922548811697085,0.5599955094202851,1.534197291477361,1.915646700253444
BRA1,2024,279520.0,Jonathan Cafú,Cuiaba,1564.0,AMR,Extremo,Extremo,-0.4786845945578445,-0.6084470739883364,-0.4286260943383181,-1.2421189317050645,-0.3905442611331146,-0.3415114998357458,-0.7825325849031728
BRA1,2024,279575.0,Bruno Henrique,Flamengo,2280.0,AML,Extremo,Extremo,1.9444503865822789,1.211903724688733,-0.0795915737440996,1.432511763448473,0.9128185343831234,0.737997576398751,-0.26019120418151
BRA1,2024,280246.0,Carlos Eduardo,Vitoria,985.0,AML,Extremo,Extremo,-0.3398533424292777,-0.0155474286466513,0.7840525351830334,-1.2099860468309525,-0.3470796026887718,-1.412060711754578,-1.109841067432576
BRA1,2024,284377.0,Marinho,Fortaleza,1478.0,AMR,Extremo,Extremo,-0.7664472257631254,-0.7044796755860101,0.7767801786201798,1.1150670955666335,-1.5624723257468245,0.6042766883046792,-1.2529046599992275
BRA1,2024,284602.0,Keno,Fluminense,1564.0,AML,Extremo,Extremo,-0.2905215671624548,-0.4531640994369979,-0.9395924542809464,-0.4671956069963017,-0.5721171528191097,0.6799875268668818,-1.0938760096994038
BRA1,2024,295012.0,Wanderson,Internacional,1143.0,AML,Extremo,Extremo,-0.6106272591144434,-0.3680032498145336,-0.87823461795487,-0.94644515787105,-0.1571462125228098,1.288256135061748,0.8892457980030675
BRA1,2024,295190.0,Clayson,Cuiaba,2238.0,AML,Extremo,Extremo,-0.721957963317938,-0.4622759587243647,-1.5560636334752826,-1.3824040466716492,-1.2200562070005485,-0.4329751221237636,0.4428096828154656
BRA1,2024,317656.0,Tchê Tchê,Botafogo RJ,1798.0,AML,Extremo,Extremo,-1.5485321376449757,-1.8483995511210825,0.1893944556129955,1.4092978248820964,-0.952687356768246,-1.44579781763257,-0.0717126350609234
BRA1,2024,317743.0,Luiz Araújo,Flamengo,1758.0,AMR,Extremo,Extremo,0.3961520272147504,-0.2510022116733401,1.9875093771809664,0.072472213642548,0.9712729245515336,-0.4314801575499532,0.0474098155023808
BRA1,2024,317762.0,David,Vasco da Gama,1781.0,AML,Extremo,Extremo,-1.150338321376661,-1.0563607048707488,-0.1222386042560126,-0.7737927489264962,-0.697866229711666,-0.508072873998431,-0.0215104358844167
BRA1,2024,329403.0,Arthur Gomes,Cruzeiro,1402.0,FWL,Extremo,Extremo,-0.6266684848312928,-0.435149474982261,-1.5381420138288795,1.1020583430348794,-1.249639060498185,0.9790505950314676,0.7543706505498413
BRA1,2024,331611.0,Gustavo Silva,Corinthians,1285.0,AMR,Extremo,Extremo,-0.2676531786798996,1.0106729320824854,-0.9073596055924904,1.0268425257688103,0.0496084483103121,1.1718453557516304,-0.7003662196299743
BRA1,2024,336102.0,Tomás Cuello,Athletico Paranaense,2216.0,AML,Extremo,Extremo,-1.0315309681653286,-0.4439837530437487,1.3255857672873954,-0.6688999812918891,0.2378450447867484,0.2530064954512597,-0.0347721421352228
BRA1,2024,337301.0,Shaylon,Atletico GO,2451.0,FWR,Extremo,Extremo,-0.5123075521041773,-0.5883943817592125,0.8161303438257651,0.2770541820538113,0.0023318790977545,-1.7987684639612254,2.533003736100524
BRA1,2024,337884.0,Yago Pikachu,Fortaleza,1848.0,AMR,Extremo,Extremo,0.4338152779461615,0.4658608867094586,0.0882221902370885,0.2837386202688584,-0.0326746271862893,-1.2007089153635857,-0.6820673590191634
BRA1,2024,337976.0,Luiz Fernando,Atletico GO,2855.0,FWL,Extremo,Extremo,-0.3918969728381028,-0.1144594892449772,-0.0665010439297643,0.9102330731192586,-0.6515938353689037,-0.1247963202649472,0.0416424772825239
BRA1,2024,342699.0,Tabata,Internacional,1177.0,AMR,Extremo,Extremo,-0.090001378689252,0.3054996434319666,-0.6022914095822528,-1.0384389094336444,0.0639185163377484,0.0015312173121193,1.3880160150471357
BRA1,2024,355777.0,Helinho,Red Bull Bragantino,1211.0,FWR,Extremo,Extremo,0.0154899737709666,-0.0361623218504898,2.043923973434772,0.2561951504603088,-0.4875922298838664,-0.9731520400117876,-0.2011701938103214
BRA1,2024,356785.0,Ademir,Bahia,1306.0,FWR,Extremo,Extremo,1.4308322334511003,1.3188038919681366,0.2301835678008125,0.8743702339416076,0.2142632635949735,0.7661676475613209,0.0228916007025366
BRA1,2024,361732.0,Thiago Almada,Botafogo RJ,1369.0,AML,Extremo,Extremo,-0.7107065941001777,-0.9043339598474864,1.8593526020961704,0.2745725543771313,0.0549671482055507,-0.3491766099631439,2.8648966769600848
BRA1,2024,373654.0,Janderson,Atletico GO,1086.0,FWR,Extremo,Extremo,-0.7010407691363405,-0.3844036569779783,-0.9078756636420524,-0.877484674158556,-0.85560373940675,-0.7681650792796446,1.012673801489546
BRA1,2024,373666.0,Vitinho,Red Bull Bragantino,2127.0,FWL,Extremo,Extremo,-0.4381844109653901,-0.0958052212668354,-0.5925886894349626,-0.3079943173213272,-0.4566442295857677,0.2447701153137665,0.227713746619712
BRA1,2024,384431.0,Ferreira,Sao Paulo,1376.0,AML,Extremo,Extremo,0.6726635360414761,-0.3139885827991033,0.4308396690431257,0.9624743223399752,-0.759773469965014,0.401965825644473,-0.0850769851596906
BRA1,2024,388685.0,Gabriel Veron,Cruzeiro,1752.0,FWR,Extremo,Extremo,1.0589494113057711,1.672315189227428,-1.4035531675834076,0.8711902645808415,0.8481331920791868,-0.4759566903296159,-0.0361512033047175
BRA1,2024,397587.0,Luiz Henrique,Botafogo RJ,2786.0,AMR,Extremo,Extremo,0.0418042580782833,0.4559985990391647,0.2677729354120282,1.1285725977566945,1.1133539728358424,0.5960203070154416,-0.3605103903582853
BRA1,2024,397851.0,Wesley,Internacional,2748.0,AML,Extremo,Extremo,0.2816628022077941,0.1844213166483536,1.0853054069766317,-0.1977762867167677,0.7679635650945753,0.5791789654159377,-0.4411299670336029
BRA1,2024,402835.0,Marcelinho,Juventude,1230.0,AML,Extremo,Extremo,0.1867051475145722,0.2100470997383555,-0.3131042761205484,0.3270440923531302,0.3848544053781428,-0.7712888409875911,-1.8356053050583985
BRA1,2024,402981.0,Wellington Rato,Sao Paulo,1217.0,AMR,Extremo,Extremo,-0.2896182008018327,0.2832068970021726,-2.1733661442841568,1.366850230555327,-0.100497394894049,-0.433884524841297,1.1737806326041078
BRA1,2024,406285.0,Breno Lopes,Fortaleza,2095.0,AML,Extremo,Extremo,-0.2530685697264933,-0.0182639146027673,-0.7681566042404961,0.3702284456449144,-0.7946087221053673,0.6676759411095416,-0.6529553159720112
BRA1,2024,410684.0,Julimar,Athletico Paranaense,1856.0,AML,Extremo,Extremo,0.3016844842376124,1.1840769675729133,0.0208061006605444,0.9749041337615848,1.1551812931330805,1.7309334152101623,-0.2215031941014254
BRA1,2024,416802.0,Biel,Bahia,1037.0,FWL,Extremo,Extremo,1.389986764019897,2.121967945178423,-1.0930367260306704,0.2147875963382494,3.4590007804780805,0.4486346149910503,-0.3352263584648893
BRA1,2024,416895.0,Adson,Vasco da Gama,1356.0,AMR,Extremo,Extremo,-1.0123817406096038,-0.8183957850252505,-0.3413510291147111,0.73322366752205,-0.9571440377633458,-1.361169231130344,-0.3343217663090567
BRA1,2024,419077.0,Marquinhos,Fluminense,1440.0,AMR,Extremo,Extremo,-1.1144702146384493,-1.563592766918345,0.9330643412934104,0.9616610788567064,-1.85999321929067,-0.5991149275278054,-1.8735801977597908
BRA1,2024,424039.0,Jhon Arias,Fluminense,2688.0,AMR,Extremo,Extremo,0.5631056896687106,-0.5081554439101482,1.253423057163697,0.2946265040219955,-0.1313046783522886,-0.4671958385305721,-0.3877343981468483
BRA1,2024,436503.0,Lucas Barbosa,Juventude,2715.0,AMR,Extremo,Extremo,1.0478041431690548,0.1935155999420439,0.3034894709818671,0.0593529524018293,-0.0616793900880218,-0.9011517037595148,-0.3129856166891088
BRA1,2024,436639.0,Moisés,Fortaleza,1332.0,AML,Extremo,Extremo,3.965625977471273,3.998951344514536,-1.521620430701039,-0.0063151170211239,1.4845544429144657,2.9023659217383804,-0.4050543822447187
BRA1,2024,439650.0,Wesley,Corinthians,1637.0,AML,Extremo,Extremo,-1.309238797849831,-0.8754273837725657,-0.2627534885991852,-1.3301775885843854,-0.6417893094120547,1.0483637111352024,-1.2999611067435983
BRA1,2024,446364.0,Alejo Cruz,Atletico GO,2415.0,AML,Extremo,Extremo,-1.3556181221989452,-1.273151130221048,0.6318256138585315,-0.0656724142630467,-1.3575535617973864,-0.4817508338077054,1.1885985231821086
BRA1,2024,468023.0,Erick Farias,Juventude,2340.0,AML,Extremo,Extremo,0.6395493912136456,0.9046199033309702,-0.4983525482435954,-0.5627419907688307,0.7852095057651995,-0.8875264145120321,-1.1909636945043631
BRA1,2024,472122.0,Rayan,Vasco da Gama,997.0,AMR,Extremo,Extremo,-0.4887042850179994,0.550572576255481,-1.4252165972001172,1.5886455079740285,1.6199443417372537,0.2679245488970376,-0.9621914733776308
BRA1,2024,478208.0,Gabriel Carvalho,Internacional,1453.0,AMR,Extremo,Extremo,0.1586321710849271,-0.3453040989117208,-0.6744815403430483,-0.6714720741181184,0.0785216404123538,-0.693258290253132,0.8192009462525692
BRA1,2024,479727.0,Henry Mosquera,Red Bull Bragantino,2148.0,FWL,Extremo,Extremo,-0.6660481543922754,-0.2743680689155775,-0.1811049032742159,-0.6321390823454079,-0.702937054149647,1.392271070567275,-0.978773139837998
BRA1,2024,492869.0,Gustavo Nunes,Gremio,1387.0,AML,Extremo,Extremo,0.8186110372708192,-0.827230284624231,0.2449423896255014,-1.962655875282424,-1.2677166878591368,0.0537585916554966,-0.7394492299202451
BRA1,2024,510728.0,Estêvão,Palmeiras,2286.0,AMR,Extremo,Extremo,0.4652970449963461,1.5387671950994224,0.1230236742403115,-0.947639363199439,1.2380729148487684,2.144460058973592,-0.1609897003604153
BRA1,2024,519613.0,Kevin Serna,Fluminense,960.0,AML,Extremo,Extremo,1.214223644149641,0.6618727613472706,1.5244190587361257,0.7521550209229652,0.3996789548709787,0.5430382280428586,-0.8383898858949149
