Liga,Temporada,player_id,Atleta,Clube,Minutos,most_played_position,função,Posição,xG gerado na construção (p90),Toques (p90),Ações defensivas (p90),Disputas aéreas (p90)
BRA1,2024,20938.0,Thiago Heleno,Athletico Paranaense,2544.0,DC,Zagueiro,Zagueiro,0.8155020728478769,-0.4381707751962468,-0.7389121234508655,0.2407464442804042
BRA1,2024,27586.0,David Luiz,Flamengo,1930.0,DC,Zagueiro,Zagueiro,0.222152352662975,0.2314761445691245,-0.7408666951002977,-0.8137791448187041
BRA1,2024,27763.0,Titi,Fortaleza,2274.0,DC,Zagueiro,Zagueiro,-1.1310825266440891,-1.3232939113917166,-1.6578063107293577,-1.1500751491179992
BRA1,2024,28550.0,Thiago Silva,Fluminense,1512.0,DC,Zagueiro,Zagueiro,0.811637836638099,0.8733023206233032,0.221437345540304,-0.8545772313642575
BRA1,2024,35689.0,Gabriel Mercado,Internacional,1353.0,DC,Zagueiro,Zagueiro,1.1571406049202586,-0.2514887604265378,-0.8249803894064073,-0.2334450684984085
BRA1,2024,43931.0,Maicon,Vasco da Gama,2632.0,DC,Zagueiro,Zagueiro,-1.0808874990036024,-0.511916665597897,-0.1432703991900498,0.1452185010806536
BRA1,2024,75550.0,Manoel,Fluminense,1178.0,DC,Zagueiro,Zagueiro,-1.357213144053211,-1.0344278380680891,-1.1869085946454117,-1.1175203747664866
BRA1,2024,97262.0,Rodrigo Ely,Gremio,1893.0,DC,Zagueiro,Zagueiro,-0.8804265021360791,-0.8112124770678072,-0.0640121607546409,1.4297925247743126
BRA1,2024,98101.0,André Ramalho,Corinthians,1706.0,DC,Zagueiro,Zagueiro,1.2066941349877032,0.2943095871636103,-0.0568537413551325,-0.675910544203706
BRA1,2024,101478.0,Bruno Alves,Cuiaba,2379.0,DC,Zagueiro,Zagueiro,-1.50520919070623,-1.4747309904008237,-1.7125694288472255,-1.3399345100511493
BRA1,2024,102254.0,Walisson Maia,Criciuma,1101.0,DC,Zagueiro,Zagueiro,0.0716318933372408,-1.374270406451066,-1.1479387438138169,-0.948777439085621
BRA1,2024,103383.0,Gustavo Gómez,Palmeiras,2687.0,DC,Zagueiro,Zagueiro,0.9597305141478544,-0.5406355172953934,0.2144701907666005,1.9971851828277096
BRA1,2024,114164.0,Antônio Carlos,Fluminense,1229.0,DC,Zagueiro,Zagueiro,-0.3502931167858321,1.5301580145461458,2.3743870763751715,2.529557529712259
BRA1,2024,114595.0,Gustavo Henrique,Corinthians,1667.0,DC,Zagueiro,Zagueiro,-0.4882872263882348,-0.8150325277229349,-0.1457425712476152,0.2843004490684522
BRA1,2024,125232.0,Emanuel Brítez,Fortaleza,2799.0,DC,Zagueiro,Zagueiro,-0.0956699576054961,-1.0996657334244686,-0.934923976358204,-0.5312906758474796
BRA1,2024,125450.0,Walter Kannemann,Gremio,1119.0,DC,Zagueiro,Zagueiro,0.1207209478837031,-1.7990787576039449,-1.18389971829175,-1.1705324970584727
BRA1,2024,126251.0,Lucas Villalba,Cruzeiro,1512.0,DC,Zagueiro,Zagueiro,1.725654096412525,0.6980253505706718,0.8030468339456085,0.8946612753251585
BRA1,2024,127618.0,Renzo Saravia,Atletico MG,2604.0,DC,Zagueiro,Zagueiro,1.4993509759586727,1.9425344641734343,1.4767698104603884,-0.8702153789336392
BRA1,2024,130435.0,Jemerson,Atletico MG,1520.0,DC,Zagueiro,Zagueiro,-1.6760149951782153,-1.38419371570921,-1.2478826820264044,-0.9849970304917632
BRA1,2024,132688.0,Bastos,Botafogo RJ,2961.0,DC,Zagueiro,Zagueiro,0.1010791843966032,0.2915367237926011,0.2206895591538532,-0.575609790377323
BRA1,2024,134739.0,Rodrigo Battaglia,Atletico MG,2551.0,DC,Zagueiro,Zagueiro,0.6853673709311423,1.3585441897906927,0.5492462797928829,0.2491368992400157
BRA1,2024,137316.0,Léo,Vasco da Gama,3033.0,DC,Zagueiro,Zagueiro,-0.8450238906816357,-1.0262729977823206,-1.1592182982985657,-1.8026838458282457
BRA1,2024,141538.0,Alan Empereur,Cuiaba,2945.0,DC,Zagueiro,Zagueiro,-0.6819014714118565,0.9396855803464472,-1.1003181966304407,-0.7132118668097032
BRA1,2024,146761.0,Léo Pereira,Flamengo,2280.0,DC,Zagueiro,Zagueiro,1.7763381344502642,0.909392235113376,-0.2778964894651975,-0.4091839757791594
BRA1,2024,149561.0,Pedro Henrique,Red Bull Bragantino,2552.0,DC,Zagueiro,Zagueiro,-0.350456088224225,-0.307644495718438,0.1629930455328888,0.1561037103153064
BRA1,2024,202096.0,Júnior Alonso,Atletico MG,1157.0,DC,Zagueiro,Zagueiro,-0.1215643021576357,1.9724251241653064,1.6733130066805266,2.4380551100885244
BRA1,2024,246393.0,Igor Rabello,Atletico MG,1115.0,DC,Zagueiro,Zagueiro,0.2343855180901776,0.0421787535789662,1.932718197613396,2.002727717244519
BRA1,2024,261477.0,Tomás Cardona,Fortaleza,1611.0,DC,Zagueiro,Zagueiro,-0.9999032238867552,-0.1289428736257054,-0.0253620720832591,0.1571597460594709
BRA1,2024,261974.0,Tobias Figueiredo,Criciuma,2334.0,DC,Zagueiro,Zagueiro,-1.314620282389422,-0.9317535197243458,-0.5184567672366515,-0.0088021191018927
BRA1,2024,279540.0,Rodrigo Sam,Juventude,920.0,DC,Zagueiro,Zagueiro,-1.6808725525893962,-0.5976413723460307,-0.1803780236502391,0.1620771970780095
BRA1,2024,283009.0,Wilker Ángel,Criciuma,1117.0,DC,Zagueiro,Zagueiro,-1.0402190832393132,-1.8211588079700496,-1.581496924652678,-0.752002263415558
BRA1,2024,284115.0,Lyanco,Atletico MG,1126.0,DC,Zagueiro,Zagueiro,0.1171875348745942,0.2821723177688107,0.50373557436491,-0.3227889484904095
BRA1,2024,295008.0,Thiago Santos,Fluminense,2418.0,DC,Zagueiro,Zagueiro,0.0633849655778391,1.5141883677970018,1.6065183285577964,1.8965227194652603
BRA1,2024,303874.0,Alexander Barboza,Botafogo RJ,2303.0,DC,Zagueiro,Zagueiro,-0.3848004990390867,0.1566140041846169,1.5939571748261678,1.3188944093002757
BRA1,2024,317668.0,Luiz Felipe,Atletico GO,1254.0,DC,Zagueiro,Zagueiro,-1.8969769397450365,-1.682203742791724,-1.200310146908326,-1.0154801947011705
BRA1,2024,317681.0,Fabrício Bruno,Flamengo,2604.0,DC,Zagueiro,Zagueiro,0.1821565144615514,0.8977209152680132,-0.0170189405499014,-0.6458043580532026
BRA1,2024,317749.0,Neris,Cruzeiro,1888.0,DC,Zagueiro,Zagueiro,-1.460051580132821,-0.4519869701946188,-1.2862656880452366,-0.5265642462391688
BRA1,2024,318478.0,Robert Arboleda,Sao Paulo,2571.0,DC,Zagueiro,Zagueiro,0.578245248462559,0.5129545017570257,0.7539302082419944,0.3423028214542741
BRA1,2024,334663.0,Agustín Rogel,Internacional,1182.0,DC,Zagueiro,Zagueiro,-1.1514336350785477,-1.3687298153979148,-0.7622011013756302,-0.4389018875240197
BRA1,2024,334966.0,Alan Franco,Sao Paulo,2467.0,DC,Zagueiro,Zagueiro,0.0833144761950213,1.3146690750346206,0.6688981476170172,0.2311126416365059
BRA1,2024,337247.0,Kanu,Bahia,3013.0,DC,Zagueiro,Zagueiro,1.4927936765837786,1.3212078225399568,0.1732866061548938,-0.3214202778920487
BRA1,2024,337888.0,Marllon,Cuiaba,3332.0,DC,Zagueiro,Zagueiro,-0.4944765695313323,-1.0066516798863423,-0.926925026562928,-0.5423211587093636
BRA1,2024,339173.0,Murilo,Palmeiras,2421.0,DC,Zagueiro,Zagueiro,-0.5795679345736195,-0.3550505148486617,0.2552263703748209,0.6733852244283942
BRA1,2024,355684.0,Léo Ortiz,Flamengo,2082.0,DC,Zagueiro,Zagueiro,2.25833212991626,-0.1738822106865726,-0.5479629383530339,-0.9455797903981032
BRA1,2024,361471.0,Cacá,Corinthians,2616.0,DC,Zagueiro,Zagueiro,0.1274237384548673,-0.6373885201057818,-0.6863614361295146,0.1840991022152027
BRA1,2024,364161.0,Luan Cândido,Red Bull Bragantino,2216.0,DC,Zagueiro,Zagueiro,-1.1625333783885536,-1.2841285851416393,-0.5239086882048565,-0.12118117709828
BRA1,2024,366432.0,Kaique Rocha,Athletico Paranaense,2783.0,DC,Zagueiro,Zagueiro,0.3335508843179257,-0.5492862948094926,0.1261893417623967,-0.3121211106803754
BRA1,2024,373848.0,João Victor,Vasco da Gama,1983.0,DC,Zagueiro,Zagueiro,-0.760890549929643,0.4018751817129515,-0.105771212067546,-0.8340587109636272
BRA1,2024,373938.0,Lucas Halter,Botafogo RJ,1528.0,DC,Zagueiro,Zagueiro,0.0909623317375089,0.3257900610131385,-0.5376311400416796,-0.8694083241974482
BRA1,2024,373974.0,Wagner Leonardo,Vitoria,3577.0,DC,Zagueiro,Zagueiro,0.1774189431914041,0.6346549604949109,-0.4979382127615651,0.5035895458377849
BRA1,2024,379229.0,Bruno Fuchs,Atletico MG,2363.0,DC,Zagueiro,Zagueiro,1.5374967665134551,1.953028209577304,0.9038507441532232,-0.5698165950033758
BRA1,2024,383150.0,Diego Costa,Sao Paulo,1009.0,DC,Zagueiro,Zagueiro,0.3099537100530856,1.2111783988011433,1.9961445570929688,1.6284386733520524
BRA1,2024,383601.0,Zé Marcos,Juventude,2232.0,DC,Zagueiro,Zagueiro,-1.768787545806788,-0.3538920971985168,0.0105576309334962,-0.131042661794706
BRA1,2024,397496.0,Sabino,Sao Paulo,1101.0,DC,Zagueiro,Zagueiro,1.253824174822529,1.6604126906647547,2.9166405771155506,1.7162697041825323
BRA1,2024,397766.0,Vitão,Internacional,2798.0,DC,Zagueiro,Zagueiro,-0.1234936515335823,-0.0740859704605496,-0.3142254428264049,-0.374684272546921
BRA1,2024,402736.0,Nahuel Ferraresi,Sao Paulo,1052.0,DC,Zagueiro,Zagueiro,1.4431085366686722,0.4551473614199123,0.378837263986847,-0.635006087137778
BRA1,2024,406287.0,Benjamín Kuscevic,Fortaleza,2096.0,DC,Zagueiro,Zagueiro,-0.7650000189705638,-0.6527066358013086,-0.2082765253265336,0.483754878722919
BRA1,2024,409317.0,Lucas Freitas,Juventude,1409.0,DC,Zagueiro,Zagueiro,0.7806870364827815,-0.4189020346909013,-1.321835600523989,-1.1886513803063954
BRA1,2024,416910.0,Zé Ivaldo,Cruzeiro,2652.0,DC,Zagueiro,Zagueiro,-0.7021461440897175,0.2801232430619955,0.3340797412285697,-0.6467728360289111
BRA1,2024,417439.0,Danilo Boza,Juventude,3188.0,DC,Zagueiro,Zagueiro,0.4022516389991356,0.8348092525623633,-0.2252879492200603,0.369977458399696
BRA1,2024,417722.0,Félix Torres,Corinthians,1971.0,DC,Zagueiro,Zagueiro,1.0050678837121396,-0.3307384437826799,-0.0490561383871016,-0.0252657617308403
BRA1,2024,430082.0,João Marcelo,Cruzeiro,3021.0,DC,Zagueiro,Zagueiro,1.7955520094978603,1.3023967261664788,0.9650149877065848,1.3233892217116194
BRA1,2024,440058.0,Robert Renan,Internacional,1106.0,DC,Zagueiro,Zagueiro,1.3022131095704277,1.1024378591519255,0.2859930735166004,-0.6352189841749369
BRA1,2024,441930.0,Alix,Atletico GO,2286.0,DC,Zagueiro,Zagueiro,-1.0095723312282212,-0.6704605982171026,0.2756050408111514,0.1874440819849744
BRA1,2024,444209.0,Eduardo Santos,Red Bull Bragantino,1934.0,DC,Zagueiro,Zagueiro,-0.7052745598512976,-0.6251365310646207,-0.0265820720662933,-1.1000261473361628
BRA1,2024,446331.0,Mateo Gamarra,Athletico Paranaense,1664.0,DC,Zagueiro,Zagueiro,1.0654612166751922,0.5617582305878814,0.8590515160643959,1.4418353329640003
BRA1,2024,450865.0,Gustavo Martins,Gremio,1525.0,DC,Zagueiro,Zagueiro,0.0350496364623834,0.0717351750450584,-0.045995048712495,-0.1010997854365281
BRA1,2024,454770.0,Douglas Mendes,Red Bull Bragantino,1531.0,DC,Zagueiro,Zagueiro,-0.3140239143870321,-1.1484380856482015,-0.8113742754758755,-0.4293325588433019
BRA1,2024,467987.0,Gabriel Xavier,Bahia,3510.0,DC,Zagueiro,Zagueiro,1.352292924674609,1.8730678488103256,2.3338752084564307,2.408388133967849
BRA1,2024,478314.0,Vitor Reis,Palmeiras,1656.0,DC,Zagueiro,Zagueiro,-0.1769476248593223,-0.4071521042755613,0.2716044543479906,0.47388826122229
BRA1,2024,513490.0,Rodrigo,Criciuma,3268.0,DC,Zagueiro,Zagueiro,0.2960518472093545,0.7257093989625838,0.6028530742219198,0.8062848232457013
BRA1,2024,514393.0,Adriano Martins,Atletico GO,3364.0,DC,Zagueiro,Zagueiro,-0.4155446425536301,-0.6148671122911821,-0.7202990766241629,-0.991203160349481
BRA1,2024,20241.0,Marcelo,Fluminense,1151.0,DL,Lateral,Lateral,0.2347327578028611,0.5790079110227803,0.4580716501223854,-1.4474890183934614
BRA1,2024,74447.0,Marcos Rocha,Palmeiras,2178.0,DR,Lateral,Lateral,1.8744127179296968,1.19430639573315,0.4083240882781369,-0.6094688932117663
BRA1,2024,83705.0,Damián Suárez,Botafogo RJ,1394.0,DR,Lateral,Lateral,-0.1812810351186496,-0.9825320135910968,-1.3021949950745872,-1.1545207987090156
BRA1,2024,87833.0,Raúl Cáceres,Vitoria,1898.0,DR,Lateral,Lateral,-1.4345889286055142,-1.4767279242911509,-1.8936645498610905,-0.7400873038519533
BRA1,2024,88112.0,Santiago Arias,Bahia,2108.0,DR,Lateral,Lateral,1.2417526572957285,1.124836847243078,0.6247517160824773,-0.2486508589521408
BRA1,2024,93433.0,Diogo Barbosa,Fluminense,2088.0,DL,Lateral,Lateral,-0.8027946034905762,0.2147618411926262,0.5336197928241171,-0.5506167346994798
BRA1,2024,97813.0,Miguel Trauco,Criciuma,1646.0,DL,Lateral,Lateral,-0.9067787520531334,-0.425972826692212,-1.4516428668259804,-0.8092855005654567
BRA1,2024,102166.0,Fágner,Corinthians,1030.0,DR,Lateral,Lateral,1.3261285020450766,-0.9444037796077204,-1.1308253767998475,-1.8264823038439293
BRA1,2024,110930.0,Reinaldo,Gremio,2842.0,DL,Lateral,Lateral,0.9162070615425386,0.3673725768546741,-0.0814655350574556,-0.8681183381855317
BRA1,2024,114105.0,Renê,Internacional,1168.0,DL,Lateral,Lateral,-0.0432677890385918,2.637012308777447,3.5154084821556,2.2011360423806265
BRA1,2024,114194.0,Madson,Athletico Paranaense,1110.0,DR,Lateral,Lateral,-1.2030788086869175,-2.263450691191624,-1.1433361859444862,1.3901977183184784
BRA1,2024,119542.0,Gilberto,Bahia,1488.0,DR,Lateral,Lateral,1.2339459473106529,2.1258037590899894,0.9230275012231872,0.3180736323118143
BRA1,2024,121718.0,Marçal,Botafogo RJ,1138.0,DL,Lateral,Lateral,-0.3266317311862012,0.2379003025078042,0.5851546058799678,1.4972178529368294
BRA1,2024,130563.0,Mayke,Palmeiras,1178.0,DR,Lateral,Lateral,-0.5678696086733352,0.3613510936437616,0.799763522652224,0.6892848055817852
BRA1,2024,144146.0,Leonardo Godoy,Athletico Paranaense,1813.0,DR,Lateral,Lateral,-0.9613754211900536,-1.9860390877679568,-1.8896964435621288,-1.0687083465550329
BRA1,2024,145385.0,Guillermo Varela,Flamengo,1168.0,DR,Lateral,Lateral,-0.6571999916456944,-0.9006334881554265,-0.3201981192885033,-0.9224845971284028
BRA1,2024,146526.0,Tinga,Fortaleza,2437.0,DR,Lateral,Lateral,0.4666797110024681,0.3581114427625982,0.4297280925006673,2.870401162412744
BRA1,2024,146674.0,Alan Ruschel,Juventude,2546.0,DL,Lateral,Lateral,-0.5763488944749415,-0.2586456235311994,-0.3834758559065832,-0.4936224303217411
BRA1,2024,243212.0,João Pedro,Gremio,3061.0,DR,Lateral,Lateral,0.0426486944702751,-0.2132697325748724,-1.0545493595070647,-0.1914872100765732
BRA1,2024,243276.0,William,Cruzeiro,3318.0,DR,Lateral,Lateral,1.1152676319861283,1.6224552297045236,1.113839381309507,0.2756511985148117
BRA1,2024,255362.0,Marcelo Hermes,Criciuma,3596.0,DL,Lateral,Lateral,0.7537966411226845,-0.4000663441385861,-0.974869572065175,-0.0239504127633305
BRA1,2024,280413.0,Samuel Xavier,Fluminense,3061.0,DR,Lateral,Lateral,0.1136986534707962,0.4082052338832885,0.398154796965254,-0.4046103438097837
BRA1,2024,297581.0,Ayrton Lucas,Flamengo,2644.0,DL,Lateral,Lateral,0.3627586584073355,-0.0604698725700338,-0.1052631784055019,0.2301222662971095
BRA1,2024,328564.0,Fabricio Bustos,Internacional,961.0,DR,Lateral,Lateral,0.3337039012910348,1.3711534951514444,1.4066457903495786,0.1278394735724653
BRA1,2024,337900.0,Juninho Capixaba,Red Bull Bragantino,2069.0,DL,Lateral,Lateral,-0.0872026519925761,0.7927048061214872,1.9391113139885388,3.348100361426738
BRA1,2024,337971.0,Bruno Pacheco,Fortaleza,1368.0,DL,Lateral,Lateral,-1.5026196481975338,-0.9878335340734165,-0.4060034157791904,0.8295244019278539
BRA1,2024,341745.0,Marlon,Cruzeiro,2436.0,DL,Lateral,Lateral,-0.4482223429586799,0.6190274947717866,0.078696999507205,-0.189740522779276
BRA1,2024,358143.0,Felipe Jonatan,Fortaleza,1689.0,DL,Lateral,Lateral,1.2735163354461163,-0.0578132859016161,-0.1938942452297728,-0.3079575549673063
BRA1,2024,358560.0,Willean Lepo,Vitoria,2055.0,DR,Lateral,Lateral,0.2169954942599046,1.279764298168213,0.3998302633191671,1.1898106387983227
BRA1,2024,373429.0,Igor Vinícius,Sao Paulo,2722.0,DR,Lateral,Lateral,-0.3494861825336504,1.3481141211798189,0.6816157166990384,-0.6125481641994426
BRA1,2024,373513.0,Lucas Piton,Vasco da Gama,3000.0,DL,Lateral,Lateral,-0.1044690131420544,0.3194924351903675,-0.5072612524594853,-0.3057123480888117
BRA1,2024,374916.0,Caio Paulista,Palmeiras,1350.0,DL,Lateral,Lateral,0.3378995091202013,0.1776286365610572,-0.2540974126575285,-0.6969233188625926
BRA1,2024,376939.0,João Lucas,Juventude,2890.0,DR,Lateral,Lateral,0.2297205713605334,-0.2097892130652758,-0.2454330371890487,-0.2184036857036693
BRA1,2024,381686.0,Lucas Esteves,Vitoria,3306.0,DL,Lateral,Lateral,-0.5352428988224949,-0.0192885763250393,-0.5134908783321841,0.5441630428139488
BRA1,2024,383128.0,Bruno Gomes,Internacional,2431.0,DR,Lateral,Lateral,0.4141622642392295,1.5654696928167005,1.320580908878192,0.0993947887475595
BRA1,2024,386203.0,Alexandro Bernabéi,Internacional,2314.0,DL,Lateral,Lateral,3.414428979296245,1.6066019022893476,1.4529650123591529,0.5938061877101702
BRA1,2024,388576.0,José Rodríguez,Vasco da Gama,1274.0,DR,Lateral,Lateral,-0.5422842751080325,-0.8607439848655724,-0.6725839204573492,0.0895288963447854
BRA1,2024,389158.0,Welington,Sao Paulo,1896.0,DL,Lateral,Lateral,-0.5759204478697957,-0.469951244470705,-0.1053498796911937,0.8351466974810322
BRA1,2024,397517.0,Luciano Juba,Bahia,3462.0,DL,Lateral,Lateral,0.7171440805706043,0.9434939830586676,0.7084974972286318,-0.2673855344473004
BRA1,2024,397584.0,Michel Araújo,Sao Paulo,988.0,DL,Lateral,Lateral,-0.3182597915811344,-0.405291299899362,0.8894316494159562,0.3139037153605541
BRA1,2024,397843.0,Ramon,Cuiaba,2962.0,DL,Lateral,Lateral,-0.4086797635908006,-0.4755614300457346,-1.0272619230050597,-0.9903389749813029
BRA1,2024,398130.0,Matheuzinho,Corinthians,2549.0,DR,Lateral,Lateral,0.3172346766754544,-0.4865764585782843,-0.7139982737621514,-1.2809323892817688
BRA1,2024,403654.0,Ewerthon,Juventude,1352.0,DR,Lateral,Lateral,-1.057008235273484,-1.6056541922599878,-0.6359114437136658,-0.1332964591359958
BRA1,2024,404979.0,Lucas Esquivel,Athletico Paranaense,3007.0,DL,Lateral,Lateral,1.730192198886538,1.6115338255073588,1.050186585181247,-0.0975788655099594
BRA1,2024,406718.0,Vanderlan,Palmeiras,1244.0,DL,Lateral,Lateral,-0.95823244036655,-2.1333639483024904,-1.602422289480143,-0.8473689490503207
BRA1,2024,414213.0,Eros Mancuso,Fortaleza,1007.0,DL,Lateral,Lateral,-0.974497029212838,-0.6499954538445616,-0.9160435987147204,-1.6075079577178288
BRA1,2024,416790.0,Paulo Henrique,Vasco da Gama,2781.0,DR,Lateral,Lateral,-0.835145425733142,0.0055406646844056,0.1602834636059221,-0.7262435121932826
BRA1,2024,417929.0,Bruno Tubarão,Atletico GO,1786.0,DR,Lateral,Lateral,-1.270703682466048,0.1032791299802137,-0.8067316386468992,-0.0908827090084074
BRA1,2024,418751.0,Andrés Hurtado,Red Bull Bragantino,1483.0,DR,Lateral,Lateral,1.0240024970672146,-0.3453127309489811,-0.265025216874742,-0.3348060288644381
BRA1,2024,418965.0,Matheus Alexandre,Cuiaba,2843.0,DR,Lateral,Lateral,-1.4545317556023831,-0.4470875139145852,-0.773599580587403,0.3498371617230371
BRA1,2024,422035.0,Joaquín Piquerez,Palmeiras,1460.0,DL,Lateral,Lateral,0.9984185098649216,0.0278893724886349,0.263159868871113,-0.7520208388087277
BRA1,2024,429481.0,Wesley,Flamengo,2624.0,DR,Lateral,Lateral,1.7440994078119247,0.7697719150246629,1.7918499569571609,1.2024568322509002
BRA1,2024,436560.0,Hugo,Corinthians,2061.0,DL,Lateral,Lateral,-0.5121425682252125,-1.057740607995382,-0.1422293453845511,0.9201343214826412
BRA1,2024,436566.0,Maguinho,Atletico GO,1743.0,DR,Lateral,Lateral,-0.8895024929050953,-0.421612452943029,-0.5830744104402547,0.8113288168021486
BRA1,2024,439642.0,Nathan Mendes,Red Bull Bragantino,1310.0,DR,Lateral,Lateral,-0.6965009758945833,-0.3821428197761373,0.0168687624408044,0.2431766280191312
BRA1,2024,453459.0,Guilherme Romão,Atletico GO,3108.0,DL,Lateral,Lateral,-0.5899714189003922,-0.5547251573698764,-0.2563226458731905,1.4916131305146547
BRA1,2024,468000.0,Kaiki,Cruzeiro,1318.0,DL,Lateral,Lateral,-0.518288540241404,0.2533348647119748,1.2372062301626912,0.7884153458185678
BRA1,2024,468006.0,Matheus Bidu,Corinthians,1718.0,DL,Lateral,Lateral,0.6331166176176293,0.4153819159054835,0.7397717755086887,-1.2683321295549164
BRA1,2024,472116.0,Cuiabano,Gremio,1847.0,DL,Lateral,Lateral,1.7455861540193662,-0.8594823973045643,0.538036041395699,0.5076816627181104
BRA1,2024,479765.0,Gabriel Inocêncio,Juventude,1038.0,DL,Lateral,Lateral,-1.4859091206691468,-0.2879861835468956,0.7170783921111407,0.3112349173183327
BRA1,2024,484252.0,Mateo Ponte,Botafogo RJ,1272.0,DR,Lateral,Lateral,-0.7993714572558432,-1.3125983879661631,-0.4552697251043463,-0.3750275575948968
BRA1,2024,513492.0,Claudinho,Criciuma,2288.0,DR,Lateral,Lateral,0.959607934047608,-0.0399740828794746,-1.30766592987988,-1.3542388524711513
BRA1,2024,514432.0,Railan,Cuiaba,1376.0,DR,Lateral,Lateral,-1.1964510432542832,-0.4585711556383486,-1.0668077564123315,-0.2523522552961531
BRA1,2024,14058.0,Dimitri Payet,Vasco da Gama,1348.0,AMC,Meio Campo,Meia,-0.0141151855497179,0.3316037896643791,-0.8519568346987801,-1.3111081797777346
BRA1,2024,14195.0,Nenê,Juventude,1657.0,AMC,Meio Campo,Meia,-0.4564043510184203,-0.9336437403325069,-1.3576752274958417,-0.7977037372450131
BRA1,2024,17476.0,Zé Rafael,Palmeiras,1117.0,DMC,Meio Campo,Primeiro Volante,0.5260592265176046,-0.6301020034178942,0.1184832052523694,0.3839466710737311
BRA1,2024,19119.0,Fernandinho,Athletico Paranaense,1746.0,DMC,Meio Campo,Primeiro Volante,3.3578822844229794,1.2237246891351825,0.6912709663516015,0.1476604242754593
BRA1,2024,31958.0,Fernando,Internacional,1736.0,DMC,Meio Campo,Primeiro Volante,-0.7522013222612247,0.6344684126966407,1.3581899193550744,1.189527612929032
BRA1,2024,35237.0,Eduardo Vargas,Atletico MG,1005.0,AMC,Meio Campo,Meia,-0.224774143670561,-1.8123036361178968,-0.8883843393438214,-0.2306992823532666
BRA1,2024,40237.0,Ganso,Fluminense,2432.0,AMC,Meio Campo,Meia,0.6034005021912963,1.0597317936246748,-0.1532875661330589,-0.4190154016883846
BRA1,2024,43369.0,Luiz Gustavo,Sao Paulo,2409.0,DMC,Meio Campo,Primeiro Volante,-0.4612037916543361,1.2782828945402505,0.9413859650830272,-0.4026827205649716
BRA1,2024,74571.0,Alan Patrick,Internacional,1979.0,AMC,Meio Campo,Meia,1.986624699107981,0.5669840378673505,-0.2807002567338541,0.0465154660401719
BRA1,2024,75971.0,Marquinhos Gabriel,Criciuma,1170.0,AMC,Meio Campo,Meia,0.6248355649871825,-0.4915897958646754,-1.1840279978963264,-0.761098547004997
BRA1,2024,81716.0,Osvaldo,Vitoria,1154.0,ML,Meio Campo,Segundo Volante,-0.427800067674555,-1.2442746008453485,-1.4547572187510316,-1.2735073195296704
BRA1,2024,101395.0,Igor Coronado,Corinthians,1603.0,AMC,Meio Campo,Meia,0.4213484115031301,0.8827611255108481,-0.4159828050647412,-0.5779998336397443
BRA1,2024,101467.0,Éverton Ribeiro,Bahia,2900.0,MC,Meio Campo,Segundo Volante,2.1099561990958127,1.806143748948102,0.9269715222702708,-0.5325598414008432
BRA1,2024,101642.0,Bernard,Atletico MG,1063.0,AMC,Meio Campo,Meia,-0.4483269715791494,-0.5123627216640971,-0.4057321107409892,-1.4947323223877582
BRA1,2024,102256.0,Edenílson,Gremio,1507.0,AMC,Meio Campo,Meia,-0.7399073352024224,-1.2318138676588586,-1.3323855052155746,-0.130970810414066
BRA1,2024,114095.0,Gabriel,Athletico Paranaense,1588.0,DMC,Meio Campo,Primeiro Volante,0.5037752452246705,0.9892203378891324,1.8604459699679337,1.904514850265216
BRA1,2024,114096.0,Jádson,Juventude,3191.0,DMC,Meio Campo,Primeiro Volante,0.2599424991566389,0.1874412214450905,0.8217407318461789,-0.5412700982043764
BRA1,2024,115098.0,Lucas Silva,Cruzeiro,2187.0,MC,Meio Campo,Segundo Volante,-0.122048664729074,-0.0565601063202263,-0.4607438728201471,-0.1383631592936797
BRA1,2024,117055.0,Erick Pulgar,Flamengo,1954.0,DMC,Meio Campo,Primeiro Volante,1.178429145299528,1.1004020157945238,1.7807711994306317,1.7590235458142256
BRA1,2024,121009.0,Luciano,Sao Paulo,2522.0,AMC,Meio Campo,Meia,-0.1901639764798944,-1.0936323520026785,-0.4205367081082433,-0.3192874842496324
BRA1,2024,121771.0,Filipe Augusto,Cuiaba,945.0,MC,Meio Campo,Segundo Volante,-0.9347763390800622,-0.1629942057889581,-0.892409132565891,-0.2743418861400678
BRA1,2024,125297.0,Lucas Romero,Cruzeiro,2759.0,MC,Meio Campo,Segundo Volante,0.6745433704708559,1.5523163776813438,0.9831978678314892,0.3577934587634778
BRA1,2024,128627.0,Giorgian de Arrascaeta,Flamengo,1134.0,AMC,Meio Campo,Meia,2.527653381950138,1.0255845775407364,0.5784469784640319,-0.2506516301493159
BRA1,2024,130449.0,Alisson,Sao Paulo,1780.0,DMC,Meio Campo,Primeiro Volante,-0.0774162810690551,2.5068715993903576,1.7666571597497949,-0.5827382543053929
BRA1,2024,130887.0,Willian Oliveira,Vitoria,2983.0,MC,Meio Campo,Segundo Volante,-0.4042812557688607,-0.6847688620385209,-0.6056972263888202,0.6929707137953327
BRA1,2024,131057.0,Ramiro,Cruzeiro,1611.0,MC,Meio Campo,Segundo Volante,-1.262929513635072,-0.3117202185944916,-0.247696923106645,0.4622303348397532
BRA1,2024,131079.0,Lucas Evangelista,Red Bull Bragantino,2818.0,DMC,Meio Campo,Primeiro Volante,-0.102666006926826,-0.5231042677638936,-0.0312993540213351,1.5108923222584347
BRA1,2024,132282.0,Bruno Henrique,Internacional,2112.0,DMC,Meio Campo,Primeiro Volante,0.2897380424099308,-0.4087527900449567,-0.1969893428471331,0.2001506741389893
BRA1,2024,142436.0,Pablo Galdames,Vasco da Gama,1242.0,MC,Meio Campo,Segundo Volante,0.1059193311242377,-0.3179482898312067,-0.6528596966250468,-1.1112627154034198
BRA1,2024,146672.0,Zé Welison,Fortaleza,1014.0,DMC,Meio Campo,Primeiro Volante,-1.4728964926579575,-0.5777488731744448,-0.5337581459106516,0.1655549277101865
BRA1,2024,146764.0,Otávio,Atletico MG,2161.0,MC,Meio Campo,Segundo Volante,-0.2114036184850667,0.4385730871352602,0.8681509567986012,1.1149560825561693
BRA1,2024,149572.0,Franco Cristaldo,Gremio,2355.0,AMC,Meio Campo,Meia,1.921966004429386,0.3613470979003569,-0.1935391380557655,1.3285335050886278
BRA1,2024,149738.0,Gustavo Scarpa,Atletico MG,2525.0,DMR,Meio Campo,Primeiro Volante,0.7314353552043209,1.4268250537237437,0.9141492001854256,0.1944839238585281
BRA1,2024,241822.0,Guilherme Arana,Atletico MG,1481.0,ML,Meio Campo,Segundo Volante,1.3008874447799943,2.842441001012741,2.021041006226422,1.1105611833252858
BRA1,2024,241825.0,Barreto,Criciuma,2526.0,MC,Meio Campo,Segundo Volante,-0.3943328667691019,-0.3387186273047322,-0.3928328688885414,-0.1652396960123154
BRA1,2024,248121.0,Thiago Maia,Internacional,2078.0,DMC,Meio Campo,Primeiro Volante,0.5445916723388943,0.1354474199262517,1.612055472253845,2.161805833468258
BRA1,2024,253963.0,Dodi,Gremio,2622.0,DMC,Meio Campo,Primeiro Volante,-0.6136926728155723,-1.007944026353602,-0.5408204656738463,-0.7836920704969691
BRA1,2024,277351.0,Emmanuel Martínez,Fortaleza,1135.0,MC,Meio Campo,Segundo Volante,0.9224141817226392,-0.2731886949329424,-0.5088613850239303,-0.6281750173096822
BRA1,2024,279478.0,Lincoln,Red Bull Bragantino,1694.0,AMC,Meio Campo,Meia,1.4154816257544036,-0.4919306611959929,-0.624521568274611,-0.8918898018234338
BRA1,2024,280693.0,Matheuzinho,Vitoria,2758.0,MR,Meio Campo,Segundo Volante,0.2467833755177979,-0.0535357198466278,-0.4258586077549127,-0.1574539225714845
BRA1,2024,281935.0,Allano,Criciuma,1456.0,MR,Meio Campo,Segundo Volante,1.00110244353064,0.1120805585624018,-0.1754329189479413,1.03063163470765
BRA1,2024,294056.0,Danilo Barbosa,Botafogo RJ,1298.0,DMC,Meio Campo,Primeiro Volante,0.3514543303270958,-0.5633744219297685,0.598558576757426,0.4330179740037858
BRA1,2024,295838.0,Allan,Flamengo,1568.0,DMC,Meio Campo,Primeiro Volante,-0.2874078684387909,0.15830237984746,-0.1360264516467486,0.0913688864263526
BRA1,2024,297389.0,Matheus Pereira,Cruzeiro,3132.0,AMC,Meio Campo,Meia,2.0294050097376384,1.3005884451327492,-0.1009079947428165,-0.2605711954656407
BRA1,2024,299394.0,Ronaldo,Juventude,1284.0,DMC,Meio Campo,Primeiro Volante,-0.2640524980788766,0.1644134379948873,0.9906818304396756,2.2119370376877576
BRA1,2024,299687.0,Tomás Pochettino,Fortaleza,1850.0,AMC,Meio Campo,Meia,0.5063181723231569,-0.5457618384757664,-1.2117589686415329,-0.3005200763506981
BRA1,2024,317677.0,Raphael Veiga,Palmeiras,2716.0,AMC,Meio Campo,Meia,0.7965575580232402,-0.2949599829427297,-1.0969675067804567,-0.5409357683570576
BRA1,2024,317741.0,Lucas Fernandes,Cuiaba,1246.0,AMC,Meio Campo,Meia,-1.3002931751353664,-0.7881795744983475,-1.3702449005557042,-0.9273259565625288
BRA1,2024,317747.0,Lucas Kal,Atletico GO,1298.0,MC,Meio Campo,Segundo Volante,-0.7990112292068058,-0.3329536440813111,-0.6771756702332892,0.0794436410447384
BRA1,2024,318247.0,Matheusinho,Criciuma,1755.0,AMC,Meio Campo,Meia,1.2158126374744296,-0.1094654128992506,-0.589151680322582,-0.538319024322733
BRA1,2024,318252.0,Lucas Mineiro,Cuiaba,2700.0,MC,Meio Campo,Segundo Volante,-1.1323067098275157,-0.3716500258102068,-0.5700036667695167,0.5905216736365995
BRA1,2024,318676.0,Marlon Freitas,Botafogo RJ,2672.0,DMC,Meio Campo,Primeiro Volante,2.10150387507534,1.8765228021756384,0.1970377299729047,-0.233236049531649
BRA1,2024,319406.0,Matheus Rossetto,Fortaleza,1689.0,DMC,Meio Campo,Primeiro Volante,-0.3127342936948305,1.7144197733431366,0.5885819868394996,-0.5190680614172817
BRA1,2024,320349.0,Filipe Machado,Cruzeiro,1130.0,MC,Meio Campo,Segundo Volante,-0.4474910556772254,-0.7237445692994933,-1.126187627961087,-1.1155331597788207
BRA1,2024,321846.0,Lima,Fluminense,2074.0,DMC,Meio Campo,Primeiro Volante,-0.5637784828240123,0.1530536849171589,0.708506823077402,0.015186558932747
BRA1,2024,326607.0,Lucas Sasha,Fortaleza,1362.0,DMC,Meio Campo,Primeiro Volante,0.2285157191321879,-0.6805028622850802,0.2049436006503024,-0.5751067566431738
BRA1,2024,328510.0,Jean Carlos,Juventude,1170.0,AMC,Meio Campo,Meia,-0.1434147898191169,-1.4474114445413595,-1.6186829111319336,-1.0221469447492448
BRA1,2024,332151.0,Matías Zaracho,Atletico MG,961.0,MC,Meio Campo,Segundo Volante,-0.9519859201180236,-1.0190460896631597,-0.5443846788793726,-0.2278928551619166
BRA1,2024,334972.0,Alan Franco,Atletico MG,1923.0,MC,Meio Campo,Segundo Volante,-0.8448593454290777,-1.1152565382697182,-0.4829298365238456,-0.0806831509912407
BRA1,2024,337817.0,Jefferson Savarino,Botafogo RJ,2234.0,AMC,Meio Campo,Meia,1.4168806293973768,-0.90434054913097,-1.5682630127739003,-1.3489997964145026
BRA1,2024,342058.0,Cauly,Bahia,2890.0,AMC,Meio Campo,Meia,-0.0624409975376284,-0.3554831600008689,-1.3673480974449146,-1.1983057839958886
BRA1,2024,344723.0,Gonzalo Freitas,Atletico GO,943.0,DMC,Meio Campo,Primeiro Volante,-1.249850393708794,-1.0123272620459618,-0.2489010764389087,2.065599356845288
BRA1,2024,344767.0,Mathías Villasanti,Gremio,2622.0,DMC,Meio Campo,Primeiro Volante,-0.1314964807052192,1.487692695967231,1.373922843724309,-0.0609901822207393
BRA1,2024,345389.0,Nicolás de la Cruz,Flamengo,1122.0,DMC,Meio Campo,Primeiro Volante,2.941068865152465,2.4762305691763764,2.354881817697351,1.4774113801310245
BRA1,2024,348667.0,Matheus Henrique,Cruzeiro,1364.0,MC,Meio Campo,Segundo Volante,-0.5601622627245154,-0.1138767763160537,0.0886081079771424,-0.333026630033372
BRA1,2024,349214.0,Igor Gomes,Atletico MG,1561.0,MC,Meio Campo,Segundo Volante,-0.3142684144352726,-0.5436515476128164,-0.2943968490461123,-0.5660917139211162
BRA1,2024,349707.0,Matheus Fernandes,Red Bull Bragantino,928.0,DMC,Meio Campo,Primeiro Volante,-0.735340426269929,-0.662878969860534,0.9708339828073792,-0.482794986844408
BRA1,2024,352932.0,Ricardo Ryller,Vitoria,1149.0,MC,Meio Campo,Segundo Volante,-1.2985997100434028,-0.3150402430810782,-0.4515026578495655,0.5254229532254588
BRA1,2024,355659.0,Jean Lucas,Bahia,3157.0,MC,Meio Campo,Segundo Volante,0.5183350830917214,-0.364558862816808,0.050767538443897,-0.3440394146931577
BRA1,2024,355710.0,Gregore,Botafogo RJ,2512.0,DMC,Meio Campo,Primeiro Volante,2.655868508770472,3.032506492770996,4.513244149286331,5.908481480087372
BRA1,2024,358737.0,Raul,Red Bull Bragantino,1480.0,MC,Meio Campo,Segundo Volante,-0.728119241538648,-0.4210482327242007,0.0071975778899801,-0.8928325003735301
BRA1,2024,360288.0,Luan Silva,Vitoria,1743.0,DMC,Meio Campo,Primeiro Volante,-1.5502038194081909,-0.8223974405508647,-0.8741102409241577,-0.5242516606104963
BRA1,2024,363107.0,Álvaro Barreal,Cruzeiro,1654.0,MC,Meio Campo,Segundo Volante,-0.0086991298601185,-0.0005544804876682,-0.3888968840974176,-1.1362330124327342
BRA1,2024,363129.0,Eric Ramires,Red Bull Bragantino,1243.0,MC,Meio Campo,Segundo Volante,-1.3927846227518097,-0.9892964653418788,-0.7450198233470383,-0.8236312786924492
BRA1,2024,365617.0,Pepê,Gremio,1423.0,DMC,Meio Campo,Primeiro Volante,-0.597464344636956,0.7560956171768013,0.5121515673319206,-0.2728649612359161
BRA1,2024,366428.0,Fausto Vera,Corinthians,2175.0,MC,Meio Campo,Segundo Volante,-0.0648751088444946,0.0683974401908223,-0.1323909463081811,-0.1638495985930531
BRA1,2024,366498.0,Jadsom,Red Bull Bragantino,1848.0,MC,Meio Campo,Segundo Volante,-0.9407547344411092,-0.6795873727918655,-0.5048690878834456,-0.1353731523371747
BRA1,2024,370389.0,Aníbal Moreno,Palmeiras,2794.0,DMC,Meio Campo,Primeiro Volante,-0.2345795348741122,0.2978783890443778,0.9920835393800648,-0.1394680430038443
BRA1,2024,373449.0,Hugo Moura,Vasco da Gama,2305.0,DMC,Meio Campo,Primeiro Volante,-0.3666917744979012,-0.0720176431493841,-0.180505019085822,-0.6422272620956191
BRA1,2024,373502.0,Fernando Sobral,Cuiaba,2232.0,MC,Meio Campo,Segundo Volante,-0.612618345132386,0.2750410796075481,0.0002958147384281,-0.0067211429173505
BRA1,2024,373515.0,Erick,Athletico Paranaense,2848.0,DMC,Meio Campo,Primeiro Volante,1.013389441304002,-0.3815788763019052,0.2147411633676787,2.0730575608095454
BRA1,2024,376914.0,Maurício,Internacional,1674.0,AMC,Meio Campo,Meia,-0.2411247937709826,-1.1686522726669997,-0.9514737015547272,0.0921474657537313
BRA1,2024,378823.0,Rômulo,Internacional,1997.0,DMC,Meio Campo,Primeiro Volante,-0.9465980846153764,-0.3438917690193815,0.9043191429575568,1.6571520203485095
BRA1,2024,380894.0,Pedro Augusto,Fortaleza,1361.0,DMC,Meio Campo,Primeiro Volante,-1.316931797009003,-0.6392436252189166,0.141718466306914,1.1235672289594467
BRA1,2024,383781.0,Marcos Antônio,Sao Paulo,917.0,DMC,Meio Campo,Primeiro Volante,-0.3402481062856458,0.5973813959793507,0.5442281062954403,0.1169736073080461
BRA1,2024,388735.0,Caio Alexandre,Bahia,2974.0,DMC,Meio Campo,Primeiro Volante,0.7904903169608297,3.39416657279407,0.7653431296584655,-0.8260433169878177
BRA1,2024,389163.0,Rodrigo Nestor,Sao Paulo,1175.0,AMC,Meio Campo,Meia,-0.9461422082968016,-0.8071968876609418,-0.9892661773357184,-1.5411729247312471
BRA1,2024,397491.0,Christian,Athletico Paranaense,1652.0,AMC,Meio Campo,Meia,-0.7095740349021706,-1.244710934817559,-1.1353566033778717,-0.6475924811323761
BRA1,2024,397585.0,André,Fluminense,1199.0,DMC,Meio Campo,Primeiro Volante,-0.3391639298031842,2.2081144575210803,2.904306380857454,-0.7671206626654419
BRA1,2024,397847.0,Gabriel Menino,Palmeiras,1227.0,DMC,Meio Campo,Primeiro Volante,0.2459201699086561,-0.1227761576745335,-0.2072158206466866,-0.4318866395232053
BRA1,2024,397897.0,Ronald,Criciuma,1699.0,MC,Meio Campo,Segundo Volante,-0.6533760244480654,0.0376178874040415,-0.3288065692288108,-0.6723871887436162
BRA1,2024,397965.0,Roni,Atletico GO,1616.0,DMC,Meio Campo,Primeiro Volante,-1.024383210609483,-0.3365658725031082,-0.3775379255021404,-0.848923788434155
BRA1,2024,401192.0,Martinelli,Fluminense,2909.0,DMC,Meio Campo,Primeiro Volante,-0.5960488184095778,0.892141816527928,0.8639243582669494,0.4519442630046872
BRA1,2024,402213.0,Richard Ríos,Palmeiras,1909.0,DMC,Meio Campo,Primeiro Volante,0.1631115102566779,0.4745069646884545,1.4977466303046327,0.5198312651960966
BRA1,2024,404487.0,Gabriel Baralhas,Atletico GO,2734.0,MC,Meio Campo,Segundo Volante,-0.5880201216791789,-0.3265630481062607,-0.1681334313699975,0.399001464396952
BRA1,2024,405839.0,Juan Sforza,Vasco da Gama,1449.0,DMC,Meio Campo,Primeiro Volante,-0.998020389765411,0.6453572749821482,0.0644961276346987,0.8886142518904189
BRA1,2024,407747.0,Rubens,Atletico MG,1404.0,DML,Meio Campo,Primeiro Volante,0.0292795988305088,-0.3278496027213226,1.833212445935892,1.6758087471206264
BRA1,2024,416897.0,Mandaca,Juventude,1320.0,AMC,Meio Campo,Meia,-0.328514332400416,-1.5940088801126446,-1.433003329857426,-0.0133644881640245
BRA1,2024,417706.0,Max,Cuiaba,1407.0,MC,Meio Campo,Segundo Volante,-0.4486496779156567,-0.8105340784422739,-0.8732262659427394,-0.0579473090305122
BRA1,2024,420319.0,Raniele,Corinthians,2563.0,DMC,Meio Campo,Primeiro Volante,-1.145430945573246,-1.0568799014584072,0.3351790198170507,1.5496447491423253
BRA1,2024,429475.0,Jhon Jhon,Palmeiras,1433.0,AMC,Meio Campo,Meia,1.2376286526071147,-0.7990378432623012,-0.5211427940330652,0.1239087700593664
BRA1,2024,432685.0,Rodrigo Garro,Corinthians,3375.0,AMC,Meio Campo,Meia,2.093577115780513,1.8422179560349168,0.985606518968264,-0.205707830212575
BRA1,2024,436640.0,Hércules,Fortaleza,2567.0,DMC,Meio Campo,Primeiro Volante,-0.930125257094511,-0.6613604345372802,-1.1304078787156562,-0.8594802664256428
BRA1,2024,436657.0,Agustín Canobbio,Athletico Paranaense,1340.0,AMC,Meio Campo,Meia,0.9928797818984963,-0.2686694160301265,-0.3831244271170172,-0.791574932582078
BRA1,2024,441410.0,Breno Bidon,Corinthians,1990.0,MC,Meio Campo,Segundo Volante,-0.4062936407774467,-0.3578580732779333,0.3412226937895565,-0.8185842764143303
BRA1,2024,442751.0,Rhaldney,Atletico GO,2350.0,MC,Meio Campo,Segundo Volante,0.0284191987546092,0.5020240561886129,0.612408131807916,0.5213158832636153
BRA1,2024,443546.0,Alexsander,Fluminense,903.0,DMC,Meio Campo,Primeiro Volante,-0.2298652581984391,0.3669370794844623,0.9221590613249616,0.2190214682719879
BRA1,2024,444815.0,Denilson,Cuiaba,2320.0,MC,Meio Campo,Segundo Volante,-0.5243186370459118,-0.0335491349877063,-0.713347938578529,-0.8805002649477759
BRA1,2024,445346.0,Brahian Palacios,Atletico MG,978.0,DMR,Meio Campo,Primeiro Volante,0.441192595064612,-0.9614965106716497,-0.5700926542306627,-0.4789117106035926
BRA1,2024,445709.0,Damián Bobadilla,Sao Paulo,1173.0,DMC,Meio Campo,Primeiro Volante,-1.42814031826851,-0.259773532658875,-0.4157299603850455,-1.4003474568250962
BRA1,2024,462994.0,Bruno Zapelli,Athletico Paranaense,1581.0,AMC,Meio Campo,Meia,1.4659181404380903,-0.3689600073079924,-0.8432345974340028,-0.6957670729140212
BRA1,2024,469349.0,Miguel Monsalve,Gremio,1072.0,AMC,Meio Campo,Meia,0.9245217148651834,-0.7086453449818126,-1.2469047087337173,-0.8766012944518713
BRA1,2024,470938.0,Evertton Araújo,Flamengo,918.0,DMC,Meio Campo,Primeiro Volante,-0.7638821592568014,0.3954727667119336,0.9842083791134538,0.294323796528697
BRA1,2024,471629.0,Newton,Criciuma,2567.0,MC,Meio Campo,Segundo Volante,-0.2418798994165074,0.0230471596993496,-0.1458872328012261,0.6181383103874859
BRA1,2024,471637.0,Gustavinho,Red Bull Bragantino,1093.0,MC,Meio Campo,Segundo Volante,-1.1639782767401654,-1.3931374763775468,-1.3614970628908023,0.7036312668667358
BRA1,2024,475166.0,Alisson,Atletico MG,1010.0,DMR,Meio Campo,Primeiro Volante,-0.2279385355440008,-0.7061061114885163,-0.1414948505263226,-0.3634567882721823
BRA1,2024,478179.0,João Cruz,Athletico Paranaense,946.0,MC,Meio Campo,Segundo Volante,0.3659124558276569,-0.6950887558550937,-1.1743263074867802,-0.7712147756060242
BRA1,2024,482037.0,Mateus Carvalho,Vasco da Gama,2427.0,DMC,Meio Campo,Primeiro Volante,-0.7542291948666999,0.650461155162771,0.9153983869281336,0.0660899789518296
BRA1,2024,491556.0,Higor Meritão,Criciuma,1183.0,MC,Meio Campo,Segundo Volante,0.6003223780617692,0.5469815366072528,0.1394238768261663,-0.8412559199272138
BRA1,2024,512611.0,Facundo Bernal,Fluminense,1053.0,DMC,Meio Campo,Primeiro Volante,-0.7328366376016208,-0.2023951507721603,0.313231820917722,0.8587986366703334
BRA1,2024,513499.0,Fellipe Mateus,Criciuma,2075.0,ML,Meio Campo,Segundo Volante,-0.548830153097019,-0.4778186601938586,-0.5267124504530469,0.949115084648422
BRA1,2024,514437.0,Caíque,Juventude,1574.0,DMC,Meio Campo,Primeiro Volante,-0.524651500392381,0.9610729799023728,1.4261114180296983,0.3422766887515505
BRA1,2024,517830.0,Felipinho,Athletico Paranaense,1034.0,DMC,Meio Campo,Primeiro Volante,-0.7808242561151212,-1.3373248001031348,-0.3537014412198373,-0.4566976152636865
BRA1,2024,518496.0,Léo Naldi,Vitoria,1260.0,MC,Meio Campo,Segundo Volante,-1.3214076992174983,-0.9612180761113874,-0.6032439312915987,0.031516240311962
BRA1,2024,92508.0,Lucas Moura,Sao Paulo,2491.0,AMR,Extremo,Extremo,-0.1634944541697448,0.8553490961200573,2.468241762052049,1.4702670004641682
BRA1,2024,93026.0,Felipe Anderson,Palmeiras,1446.0,AML,Extremo,Extremo,2.2509750522868046,0.911037717527327,0.858499251334226,-0.2385507588688576
BRA1,2024,93064.0,Nikão,Athletico Paranaense,1776.0,AMR,Extremo,Extremo,0.4402641770058257,0.1721505854552823,0.3982349433741128,1.0597757267779169
BRA1,2024,236295.0,Cristian Pavón,Gremio,1187.0,AMR,Extremo,Extremo,1.203740725863552,0.0514669736702359,-0.2409254604172027,1.2876240806980952
BRA1,2024,242791.0,Gerson,Flamengo,2753.0,AMR,Extremo,Extremo,0.9913997095232784,1.7911844988782766,2.001111328053571,0.7776679368642712
BRA1,2024,260689.0,Yeferson Soteldo,Gremio,1845.0,AML,Extremo,Extremo,1.1924892442482853,0.7591939573784192,-0.4546763060012809,-1.1757185635956475
BRA1,2024,279520.0,Jonathan Cafú,Cuiaba,1564.0,AMR,Extremo,Extremo,-0.6931353687502105,-0.5544806719958756,-0.6538827270569243,0.8492930918021873
BRA1,2024,279575.0,Bruno Henrique,Flamengo,2280.0,AML,Extremo,Extremo,-0.2326905441467647,-0.7679629398062475,0.1645885449871184,1.3984411069307772
BRA1,2024,280246.0,Carlos Eduardo,Vitoria,985.0,AML,Extremo,Extremo,-0.9037878888839608,-0.9586982014369828,-0.2811939253338257,0.7267747773615645
BRA1,2024,284377.0,Marinho,Fortaleza,1478.0,AMR,Extremo,Extremo,-0.9179452898931408,0.2298153028628224,0.2844659899372079,-0.4823986200914005
BRA1,2024,284602.0,Keno,Fluminense,1564.0,AML,Extremo,Extremo,-1.006646558276299,-0.7561455267983497,-0.7209432719259574,-1.0116618987627626
BRA1,2024,295012.0,Wanderson,Internacional,1143.0,AML,Extremo,Extremo,-0.6987843098258877,-0.9527697033744642,-1.1108171958915642,-1.3495173787839363
BRA1,2024,295190.0,Clayson,Cuiaba,2238.0,AML,Extremo,Extremo,-0.9123297461570542,-0.1870221610919095,-1.0740522239090498,-1.0884857617687995
BRA1,2024,317656.0,Tchê Tchê,Botafogo RJ,1798.0,AML,Extremo,Extremo,-0.584896232372956,0.1220504559709383,-0.4767450697811883,-0.5618673480059697
BRA1,2024,317743.0,Luiz Araújo,Flamengo,1758.0,AMR,Extremo,Extremo,1.320558645228777,0.4131719723796774,0.6805763607150935,-0.3980622328274065
BRA1,2024,317762.0,David,Vasco da Gama,1781.0,AML,Extremo,Extremo,-0.9203103723853022,-0.5257454189071284,-0.1200887461018409,-0.1173851961658584
BRA1,2024,329403.0,Arthur Gomes,Cruzeiro,1402.0,FWL,Extremo,Extremo,-1.213950702416311,-0.6048208785826588,-1.0878204296974432,-0.6211381729781443
BRA1,2024,331611.0,Gustavo Silva,Corinthians,1285.0,AMR,Extremo,Extremo,-0.8596752360428341,-1.1774675970718105,-1.1294244101510067,-1.111944796857459
BRA1,2024,336102.0,Tomás Cuello,Athletico Paranaense,2216.0,AML,Extremo,Extremo,1.3393187998052392,1.1881238573796613,0.536265278595947,0.2343280393187016
BRA1,2024,337301.0,Shaylon,Atletico GO,2451.0,FWR,Extremo,Extremo,0.5378405959226681,0.5546647395654962,-0.4109804464931741,-0.9593680644221908
BRA1,2024,337884.0,Yago Pikachu,Fortaleza,1848.0,AMR,Extremo,Extremo,-0.692041212955942,-1.0190220903647491,-0.8368143614353108,-1.059777226215848
BRA1,2024,337976.0,Luiz Fernando,Atletico GO,2855.0,FWL,Extremo,Extremo,-0.5287498937343447,-0.1504774919809713,-0.2052563608434196,0.6685755141742667
BRA1,2024,342699.0,Tabata,Internacional,1177.0,AMR,Extremo,Extremo,0.6016735982216249,0.549809732889212,0.4171604320719971,0.4581324001782502
BRA1,2024,355777.0,Helinho,Red Bull Bragantino,1211.0,FWR,Extremo,Extremo,0.935767193769956,1.4651358722728367,1.1239225756697393,0.4445470143875058
BRA1,2024,356785.0,Ademir,Bahia,1306.0,FWR,Extremo,Extremo,-0.5053498128184858,-0.7749252253343569,-0.353103520664468,-0.15982673776352
BRA1,2024,361732.0,Thiago Almada,Botafogo RJ,1369.0,AML,Extremo,Extremo,2.8818969627768025,3.0068771372066805,1.8548497125676064,-0.4591490016519848
BRA1,2024,373654.0,Janderson,Atletico GO,1086.0,FWR,Extremo,Extremo,-0.7034640410723783,-0.1658687786295283,-0.5212608064749563,-0.9352731732191318
BRA1,2024,373666.0,Vitinho,Red Bull Bragantino,2127.0,FWL,Extremo,Extremo,-0.4575257776545628,-0.336847104632255,-0.483588849852816,1.2299288061731837
BRA1,2024,384431.0,Ferreira,Sao Paulo,1376.0,AML,Extremo,Extremo,-0.163477337657365,0.5809282727845795,0.7561501406934124,-1.2538557768036116
BRA1,2024,388685.0,Gabriel Veron,Cruzeiro,1752.0,FWR,Extremo,Extremo,-1.2756595976318816,-1.6757350845395478,-1.4464061625334024,-0.9805854275578187
BRA1,2024,397587.0,Luiz Henrique,Botafogo RJ,2786.0,AMR,Extremo,Extremo,0.8624396995752452,-0.1241395918340483,0.4644723447475566,0.2689900716410762
BRA1,2024,397851.0,Wesley,Internacional,2748.0,AML,Extremo,Extremo,1.472629810451402,0.6656814384588813,1.954098972608991,2.031916520185916
BRA1,2024,402835.0,Marcelinho,Juventude,1230.0,AML,Extremo,Extremo,-0.9135535412916108,-1.3302060631749593,-0.8733616411660104,-0.6546377333126
BRA1,2024,402981.0,Wellington Rato,Sao Paulo,1217.0,AMR,Extremo,Extremo,-0.1845594101545656,-0.4138105562967878,-0.7621850637193358,-0.8373701997384788
BRA1,2024,406285.0,Breno Lopes,Fortaleza,2095.0,AML,Extremo,Extremo,-0.6535881545830177,-0.2108213087408802,-0.6615763630010751,-0.6879254440954178
BRA1,2024,410684.0,Julimar,Athletico Paranaense,1856.0,AML,Extremo,Extremo,0.4304109822985344,-0.2561492366349467,0.3275625619101886,2.109426368041761
BRA1,2024,416802.0,Biel,Bahia,1037.0,FWL,Extremo,Extremo,-0.0578595051705383,-1.3457865579670112,-1.2486959372727908,-1.3979412128664512
BRA1,2024,416895.0,Adson,Vasco da Gama,1356.0,AMR,Extremo,Extremo,0.0654543389628152,1.0440867863928618,0.719769522155571,-0.2426449381667407
BRA1,2024,419077.0,Marquinhos,Fluminense,1440.0,AMR,Extremo,Extremo,-0.5971641302099772,1.2253394048083517,2.037303084686968,1.819545963659676
BRA1,2024,424039.0,Jhon Arias,Fluminense,2688.0,AMR,Extremo,Extremo,1.894811467768544,2.043985816862022,2.124306615187692,0.6231666402565181
BRA1,2024,436503.0,Lucas Barbosa,Juventude,2715.0,AMR,Extremo,Extremo,0.021881795981845,-0.2585752995653537,0.5915685201423021,2.522178355444841
BRA1,2024,436639.0,Moisés,Fortaleza,1332.0,AML,Extremo,Extremo,-0.5767997242755732,-1.3217918818278351,-1.4730536002409271,-0.2006049526067998
BRA1,2024,439650.0,Wesley,Corinthians,1637.0,AML,Extremo,Extremo,-0.7442635250076035,-0.4310822829689935,-0.2964170313394417,-1.2958725760533516
BRA1,2024,446364.0,Alejo Cruz,Atletico GO,2415.0,AML,Extremo,Extremo,-0.6234455934896074,0.802687717517883,0.1345278080302999,0.1340532200668637
BRA1,2024,468023.0,Erick Farias,Juventude,2340.0,AML,Extremo,Extremo,-0.9797713672174116,-1.456855469529567,-1.3370462511493046,-0.5161542031261748
BRA1,2024,472122.0,Rayan,Vasco da Gama,997.0,AMR,Extremo,Extremo,-1.2347789302137453,-1.8194793207536808,-1.094422639662321,0.4824006230759252
BRA1,2024,478208.0,Gabriel Carvalho,Internacional,1453.0,AMR,Extremo,Extremo,0.9196382507776732,0.8367927535327312,0.4488291052428457,0.8576382787340558
BRA1,2024,479727.0,Henry Mosquera,Red Bull Bragantino,2148.0,FWL,Extremo,Extremo,-0.8444054764899248,-0.73488320571928,-0.9058020466932484,-0.277434607201922
BRA1,2024,492869.0,Gustavo Nunes,Gremio,1387.0,AML,Extremo,Extremo,-0.4352892430972654,0.929832057715919,-0.2351457287044078,-0.9168478225807511
BRA1,2024,510728.0,Estêvão,Palmeiras,2286.0,AMR,Extremo,Extremo,1.8224468813747507,0.5982139137191002,0.4767281748082279,-0.2562913422766549
BRA1,2024,519613.0,Kevin Serna,Fluminense,960.0,AML,Extremo,Extremo,0.0937550462026447,-0.486010411789086,-0.3275464520590278,-0.2063803678718285
BRA1,2024,16886.0,Hulk,Atletico MG,2096.0,FW,Atacante,Atacante,0.8155765194225054,3.0408685552863,2.0792482064845856,-0.4175563000808908
BRA1,2024,69844.0,Yannick Bolasie,Criciuma,2620.0,FW,Atacante,Atacante,0.7806618650219546,0.8190545474067794,-0.5162847623847214,-0.7151335728469472
BRA1,2024,73494.0,Martin Braithwaite,Gremio,1587.0,FW,Atacante,Atacante,0.8262321117003107,0.5361313658334931,-0.0241113549066683,-0.1566084283697445
BRA1,2024,83895.0,Enner Valencia,Internacional,1105.0,FW,Atacante,Atacante,-1.4557228447332822,-0.982137319143214,-1.1148922033299014,-0.3077572860227728
BRA1,2024,92032.0,Eduardo Sasha,Red Bull Bragantino,2233.0,FW,Atacante,Atacante,1.034160341642715,0.279804687225944,0.4751012155421767,1.6560162965792162
BRA1,2024,101698.0,Gilberto,Juventude,1236.0,FW,Atacante,Atacante,-1.0326228947061926,-1.409992093477557,-1.5497531879537518,-0.703601050761895
BRA1,2024,106118.0,Gonzalo Mastriani,Athletico Paranaense,999.0,FW,Atacante,Atacante,0.6341056720677927,-0.5866074953707784,0.8987127980236024,0.2187099394195144
BRA1,2024,107182.0,Pablo,Athletico Paranaense,1888.0,FW,Atacante,Atacante,0.0636669639401719,0.164304597643204,-0.2471434925567208,0.3516105051964254
BRA1,2024,108660.0,Everaldo,Bahia,2226.0,FW,Atacante,Atacante,-0.3957953751574807,-0.5575481954998869,0.2197418475001286,-0.7683392128114087
BRA1,2024,121496.0,Eduardo,Botafogo RJ,934.0,FW,Atacante,Atacante,-0.9874642890049764,1.0993036152966846,-0.2175730431939724,-1.182345742357482
BRA1,2024,130508.0,Arthur Caíke,Criciuma,1889.0,FW,Atacante,Atacante,1.1980494501421726,-0.5105073695046951,-0.8063176236947448,0.1250009036430656
BRA1,2024,133445.0,Jonathan Calleri,Sao Paulo,2273.0,FW,Atacante,Atacante,-1.1441758978740768,-0.6226794318000893,0.4151917344071696,0.1431526696265752
BRA1,2024,135641.0,Deyverson,Cuiaba,1412.0,FW,Atacante,Atacante,-1.3573159070240055,-0.4003890659471203,1.2603342994277411,1.0073074708750511
BRA1,2024,145777.0,Rafael Borré,Internacional,2049.0,FW,Atacante,Atacante,1.6257019939382733,0.4261706735998107,1.459542170922851,0.937218518582937
BRA1,2024,228061.0,Ángel Romero,Corinthians,1636.0,FW,Atacante,Atacante,0.753014796029179,1.7502862430360695,1.3890569607734429,-0.6065147715932134
BRA1,2024,296479.0,Renato Kayzer,Fortaleza,1369.0,FW,Atacante,Atacante,1.3053019992922597,-0.1765864368788342,-0.3343690753766545,0.9671375827836124
BRA1,2024,298449.0,Thaciano,Bahia,2517.0,FW,Atacante,Atacante,-0.0079415375104236,-0.4338496524424793,0.7393598519269587,-0.7143255257340013
BRA1,2024,303689.0,Pablo Vegetti,Vasco da Gama,3338.0,FW,Atacante,Atacante,0.1838987313742223,0.0466585859102278,1.4322144119308715,3.048600267397911
BRA1,2024,303995.0,Juan Lucero,Fortaleza,2478.0,FW,Atacante,Atacante,-0.6841047304473834,-0.8703546103657275,-1.529069504689182,-1.1789915925107164
BRA1,2024,315587.0,Lucas Di Yorio,Athletico Paranaense,931.0,FW,Atacante,Atacante,0.6462522403902108,-0.3437904358145543,0.039764201700405,1.1402554793017647
BRA1,2024,318475.0,Pedro,Flamengo,1857.0,FW,Atacante,Atacante,-0.1415593285178408,-0.7703314958529104,-0.5491516492728613,-0.8528460154188485
BRA1,2024,322788.0,Tiquinho Soares,Botafogo RJ,1525.0,FW,Atacante,Atacante,-0.1001196148972718,-0.482773934952464,0.0393776880724371,0.1284119193741884
BRA1,2024,339845.0,Paulinho,Atletico MG,2208.0,FW,Atacante,Atacante,1.2560544005937984,3.4237606756241905,1.8947573430173543,-1.2052102650704692
BRA1,2024,348261.0,Yuri Alberto,Corinthians,2487.0,FW,Atacante,Atacante,-0.1690102224942658,-0.1557252628064845,-0.3118030613147276,-0.5027156894878478
BRA1,2024,351703.0,André Silva,Sao Paulo,1763.0,FW,Atacante,Atacante,-0.8285999577761045,-0.333763418380001,-0.4698652944101679,-0.3474427685640475
BRA1,2024,355714.0,Alerrandro,Vitoria,2617.0,FW,Atacante,Atacante,0.2689968953063353,0.4260822262272561,0.2145491018844726,0.2259124868779032
BRA1,2024,357902.0,Gabriel Taliari,Juventude,1046.0,FW,Atacante,Atacante,-0.9091508111673224,-0.5900968978121112,-1.1597563718162314,-1.369711407349948
BRA1,2024,363104.0,Rony,Palmeiras,1972.0,FW,Atacante,Atacante,0.3012983023512305,-1.1914151966109148,-0.8960457228829904,-0.6871432609181204
BRA1,2024,363561.0,Jan Hurtado,Atletico GO,968.0,FW,Atacante,Atacante,-1.5485183235827296,-0.4962089190548283,-0.6366100915729833,0.6196552698365347
BRA1,2024,363936.0,Kaio Jorge,Cruzeiro,1307.0,FW,Atacante,Atacante,0.2627062363244525,-0.7165432384218954,-1.092146683128528,-0.4828984714409173
BRA1,2024,373531.0,Júnior Santos,Botafogo RJ,1665.0,FW,Atacante,Atacante,0.863054736675463,0.3091745877710398,0.0950719855726105,-0.7144555991631832
BRA1,2024,397497.0,Igor Jesus,Botafogo RJ,1634.0,FW,Atacante,Atacante,2.422914454471848,0.272283083949829,2.214008930040392,2.08351720789203
BRA1,2024,397899.0,Germán Cano,Fluminense,1809.0,FW,Atacante,Atacante,-1.6211750472195352,-1.4531731770171,-1.8211277747359311,-1.7408533621099498
BRA1,2024,407306.0,Derik Lacerda,Cuiaba,1577.0,FW,Atacante,Atacante,-1.2244040639651133,0.4123595357209241,-0.3119161740094536,-0.6152154657422659
BRA1,2024,408110.0,José López,Palmeiras,2400.0,FW,Atacante,Atacante,1.0253682142794285,-0.6749144056697172,0.0951287793472143,0.6680473993468499
BRA1,2024,436763.0,Isidro Pitta,Cuiaba,3238.0,FW,Atacante,Atacante,-0.3254876842582906,0.0486749349408582,-1.225346865693813,-0.6683579539806686
BRA1,2024,438312.0,Cadu,Atletico MG,1131.0,FW,Atacante,Atacante,-1.2342195230891837,0.0228975939002178,1.6190887838426542,-0.3626772329928185
BRA1,2024,446066.0,Lautaro Díaz,Cruzeiro,1072.0,FW,Atacante,Atacante,-0.601084476125339,-0.4253973309640173,-0.5388036556938149,-0.4594289131199781
BRA1,2024,460759.0,Thiago Borbas,Red Bull Bragantino,1088.0,FW,Atacante,Atacante,-1.409198927404346,-0.9185939117797212,-0.4121436771278334,1.575809980231501
BRA1,2024,472422.0,Janderson,Vitoria,1589.0,FW,Atacante,Atacante,-0.2247512134929731,1.5793967863115457,0.7369597409758099,0.7147661675471445
BRA1,2024,474116.0,Emiliano Rodríguez,Atletico GO,1243.0,FW,Atacante,Atacante,-0.4924584095940577,0.3109473811432166,0.2174596833913963,1.4751517298653911
BRA1,2024,477777.0,Luciano Rodríguez,Bahia,1038.0,FW,Atacante,Atacante,1.3033685075659238,0.0068380623592506,-0.3812335519973762,-1.1118511456307028
BRA1,2024,478297.0,Kauã Elias,Fluminense,1662.0,FW,Atacante,Atacante,1.2194689652335349,1.011575180202897,-0.2287799086652694,0.7626728495502206
BRA1,2024,523263.0,Derek,Atletico GO,1125.0,FW,Atacante,Atacante,-0.8949723177215877,-0.8831936238226602,-1.1604250043759672,0.0230263901510032
